,,,,,,,,,,,address_personal_postcode,,,,,,,,,,,,,,,,,,,,,,,,,,,,,,,,
,,,,,,,,,,,NN3 8LY,,,,,,,,,,,,,,,,,,,,,,,,,,,,,,,,
,,,,,,,,,,,NN5 5EX,,,,,,,,,,,,,,,,,,,,,,,,,,,,,,,,
,,,,,,,,,,,NN5 6FJ,,,,,,,,,,,,,,,,,,,,,,,,,,,,,,,,
,,,,,,,,,,,Nn3 2pd,,,,,,,,,,,,,,,,,,,,,,,,,,,,,,,,
,,,,,,,,,,,"Nn136pt ",,,,,,,,,,,,,,,,,,,,,,,,,,,,,,,,
,,,,,,,,,,,Nn189js,,,,,,,,,,,,,,,,,,,,,,,,,,,,,,,,
,,,,,,,,,,,Pe85af,,,,,,,,,,,,,,,,,,,,,,,,,,,,,,,,
,,,,,,,,,,,,,,,,,,,,,,,,,,,,,,,,,,,,,,,,,,,
,,,,,,,,,,,"Nn15qr ",,,,,,,,,,,,,,,,,,,,,,,,,,,,,,,,
,,,,,,,,,,,nn5 6xf,,,,,,,,,,,,,,,,,,,,,,,,,,,,,,,,
,,,,,,,,,,,Nn5 6RP,,,,,,,,,,,,,,,,,,,,,,,,,,,,,,,,
,,,,,,,,,,,Nn27sr,,,,,,,,,,,,,,,,,,,,,,,,,,,,,,,,
,,,,,,,,,,,NN4 9JJ,,,,,,,,,,,,,,,,,,,,,,,,,,,,,,,,
,,,,,,,,,,,,,,,,,,,,,,,,,,,,,,,,,,,,,,,,,,,
,,,,,,,,,,,NN180LN,,,,,,,,,,,,,,,,,,,,,,,,,,,,,,,,
,,,,,,,,,,,Nn3 3hl,,,,,,,,,,,,,,,,,,,,,,,,,,,,,,,,
,,,,,,,,,,,Nn56fy,,,,,,,,,,,,,,,,,,,,,,,,,,,,,,,,
,,,,,,,,,,,nn15 5wj,,,,,,,,,,,,,,,,,,,,,,,,,,,,,,,,
,,,,,,,,,,,NN16 9EF,,,,,,,,,,,,,,,,,,,,,,,,,,,,,,,,
,,,,,,,,,,,Nn3 2ql,,,,,,,,,,,,,,,,,,,,,,,,,,,,,,,,
,,,,,,,,,,,NN15ER,,,,,,,,,,,,,,,,,,,,,,,,,,,,,,,,
,,,,,,,,,,,NN2 8ER,,,,,,,,,,,,,,,,,,,,,,,,,,,,,,,,
,,,,,,,,,,,NN4 9XY,,,,,,,,,,,,,,,,,,,,,,,,,,,,,,,,
,,,,,,,,,,,NN4 8UJ,,,,,,,,,,,,,,,,,,,,,,,,,,,,,,,,
,,,,,,,,,,,NN12 6BE,,,,,,,,,,,,,,,,,,,,,,,,,,,,,,,,
,,,,,,,,,,,"NN3 3QA ",,,,,,,,,,,,,,,,,,,,,,,,,,,,,,,,
,,,,,,,,,,,nn2 6pd,,,,,,,,,,,,,,,,,,,,,,,,,,,,,,,,
,,,,,,,,,,,Nn46jh,,,,,,,,,,,,,,,,,,,,,,,,,,,,,,,,
,,,,,,,,,,,,,,,,,,,,,,,,,,,,,,,,,,,,,,,,,,,
,,,,,,,,,,,NN17 1SD,,,,,,,,,,,,,,,,,,,,,,,,,,,,,,,,
,,,,,,,,,,,NN17 1SD,,,,,,,,,,,,,,,,,,,,,,,,,,,,,,,,
,,,,,,,,,,,NN16 9AS,,,,,,,,,,,,,,,,,,,,,,,,,,,,,,,,
,,,,,,,,,,,NN14 4HQ,,,,,,,,,,,,,,,,,,,,,,,,,,,,,,,,
,,,,,,,,,,,NN14 4UH,,,,,,,,,,,,,,,,,,,,,,,,,,,,,,,,
,,,,,,,,,,,,,,,,,,,,,,,,,,,,,,,,,,,,,,,,,,,
,,,,,,,,,,,NN5 5LN,,,,,,,,,,,,,,,,,,,,,,,,,,,,,,,,
,,,,,,,,,,,NN69JF,,,,,,,,,,,,,,,,,,,,,,,,,,,,,,,,
,,,,,,,,,,,Nn73hy,,,,,,,,,,,,,,,,,,,,,,,,,,,,,,,,
,,,,,,,,,,,Nn13 6ja,,,,,,,,,,,,,,,,,,,,,,,,,,,,,,,,
,,,,,,,,,,,"Nn10 8lx ",,,,,,,,,,,,,,,,,,,,,,,,,,,,,,,,
,,,,,,,,,,,NN12 6ET,,,,,,,,,,,,,,,,,,,,,,,,,,,,,,,,
,,,,,,,,,,,NN4 6HD,,,,,,,,,,,,,,,,,,,,,,,,,,,,,,,,
,,,,,,,,,,,NN180EZ,,,,,,,,,,,,,,,,,,,,,,,,,,,,,,,,
,,,,,,,,,,,Nn12 8jz,,,,,,,,,,,,,,,,,,,,,,,,,,,,,,,,
,,,,,,,,,,,Nn16 9qz,,,,,,,,,,,,,,,,,,,,,,,,,,,,,,,,
,,,,,,,,,,,NN13 7BZ,,,,,,,,,,,,,,,,,,,,,,,,,,,,,,,,
,,,,,,,,,,,,,,,,,,,,,,,,,,,,,,,,,,,,,,,,,,,
,,,,,,,,,,,NN8 1NG,,,,,,,,,,,,,,,,,,,,,,,,,,,,,,,,
,,,,,,,,,,,"NN4 0sg ",,,,,,,,,,,,,,,,,,,,,,,,,,,,,,,,
,,,,,,,,,,,Nn3 2hb,,,,,,,,,,,,,,,,,,,,,,,,,,,,,,,,
,,,,,,,,,,,"NN49YA ",,,,,,,,,,,,,,,,,,,,,,,,,,,,,,,,
,,,,,,,,,,,Nn1 3lf,,,,,,,,,,,,,,,,,,,,,,,,,,,,,,,,
,,,,,,,,,,,Nn12 6lt,,,,,,,,,,,,,,,,,,,,,,,,,,,,,,,,
,,,,,,,,,,,NN8 4SQ,,,,,,,,,,,,,,,,,,,,,,,,,,,,,,,,
,,,,,,,,,,,NN9 5YW,,,,,,,,,,,,,,,,,,,,,,,,,,,,,,,,
,,,,,,,,,,,NN8 2AQ,,,,,,,,,,,,,,,,,,,,,,,,,,,,,,,,
,,,,,,,,,,,"Nn128na ",,,,,,,,,,,,,,,,,,,,,,,,,,,,,,,,
,,,,,,,,,,,nn14 2xg,,,,,,,,,,,,,,,,,,,,,,,,,,,,,,,,
,,,,,,,,,,,,,,,,,,,,,,,,,,,,,,,,,,,,,,,,,,,
,,,,,,,,,,,NN18 8AP,,,,,,,,,,,,,,,,,,,,,,,,,,,,,,,,
,,,,,,,,,,,NN13 7NL,,,,,,,,,,,,,,,,,,,,,,,,,,,,,,,,
,,,,,,,,,,,NN144EB,,,,,,,,,,,,,,,,,,,,,,,,,,,,,,,,
,,,,,,,,,,,Nn29 7be,,,,,,,,,,,,,,,,,,,,,,,,,,,,,,,,
,,,,,,,,,,,NN16 0SB,,,,,,,,,,,,,,,,,,,,,,,,,,,,,,,,
,,,,,,,,,,,NN1 4QN,,,,,,,,,,,,,,,,,,,,,,,,,,,,,,,,
,,,,,,,,,,,NN146JH,,,,,,,,,,,,,,,,,,,,,,,,,,,,,,,,
,,,,,,,,,,,NN5 5EF,,,,,,,,,,,,,,,,,,,,,,,,,,,,,,,,
,,,,,,,,,,,NN1 4NL,,,,,,,,,,,,,,,,,,,,,,,,,,,,,,,,
,,,,,,,,,,,Nn2 6jf,,,,,,,,,,,,,,,,,,,,,,,,,,,,,,,,
,,,,,,,,,,,NN12 6JW,,,,,,,,,,,,,,,,,,,,,,,,,,,,,,,,
,,,,,,,,,,,Nn17 1er,,,,,,,,,,,,,,,,,,,,,,,,,,,,,,,,
,,,,,,,,,,,nn14 4jx,,,,,,,,,,,,,,,,,,,,,,,,,,,,,,,,
,,,,,,,,,,,,,,,,,,,,,,,,,,,,,,,,,,,,,,,,,,,
,,,,,,,,,,,Nn3 6bt,,,,,,,,,,,,,,,,,,,,,,,,,,,,,,,,
,,,,,,,,,,,NN4 0RB,,,,,,,,,,,,,,,,,,,,,,,,,,,,,,,,
,,,,,,,,,,,nn67al,,,,,,,,,,,,,,,,,,,,,,,,,,,,,,,,
,,,,,,,,,,,nn14 6du,,,,,,,,,,,,,,,,,,,,,,,,,,,,,,,,
,,,,,,,,,,,NN12 8SL,,,,,,,,,,,,,,,,,,,,,,,,,,,,,,,,
,,,,,,,,,,,Nn3 6et,,,,,,,,,,,,,,,,,,,,,,,,,,,,,,,,
,,,,,,,,,,,NN1 4RQ,,,,,,,,,,,,,,,,,,,,,,,,,,,,,,,,
,,,,,,,,,,,Nn6 0eu,,,,,,,,,,,,,,,,,,,,,,,,,,,,,,,,
,,,,,,,,,,,Nn171el,,,,,,,,,,,,,,,,,,,,,,,,,,,,,,,,
,,,,,,,,,,,"NN172JX ",,,,,,,,,,,,,,,,,,,,,,,,,,,,,,,,
,,,,,,,,,,,NN2 7AL,,,,,,,,,,,,,,,,,,,,,,,,,,,,,,,,
,,,,,,,,,,,NN46BP,,,,,,,,,,,,,,,,,,,,,,,,,,,,,,,,
,,,,,,,,,,,"NN36EW ",,,,,,,,,,,,,,,,,,,,,,,,,,,,,,,,
,,,,,,,,,,,NN3 6DH,,,,,,,,,,,,,,,,,,,,,,,,,,,,,,,,
,,,,,,,,,,,"Nn85eu ",,,,,,,,,,,,,,,,,,,,,,,,,,,,,,,,
,,,,,,,,,,,NN73PB,,,,,,,,,,,,,,,,,,,,,,,,,,,,,,,,
,,,,,,,,,,,NN95SY,,,,,,,,,,,,,,,,,,,,,,,,,,,,,,,,
,,,,,,,,,,,NN4 8QE,,,,,,,,,,,,,,,,,,,,,,,,,,,,,,,,
,,,,,,,,,,,"Nn84sw ",,,,,,,,,,,,,,,,,,,,,,,,,,,,,,,,
,,,,,,,,,,,Nn32ht,,,,,,,,,,,,,,,,,,,,,,,,,,,,,,,,
,,,,,,,,,,,NN8 5FD,,,,,,,,,,,,,,,,,,,,,,,,,,,,,,,,
,,,,,,,,,,,"Nn95ty ",,,,,,,,,,,,,,,,,,,,,,,,,,,,,,,,
,,,,,,,,,,,NN8 5wu,,,,,,,,,,,,,,,,,,,,,,,,,,,,,,,,
,,,,,,,,,,,"NN156RG ",,,,,,,,,,,,,,,,,,,,,,,,,,,,,,,,
,,,,,,,,,,,NN8 1QQ,,,,,,,,,,,,,,,,,,,,,,,,,,,,,,,,
,,,,,,,,,,,NN11 9YS,,,,,,,,,,,,,,,,,,,,,,,,,,,,,,,,
,,,,,,,,,,,"NN9 5De ",,,,,,,,,,,,,,,,,,,,,,,,,,,,,,,,
,,,,,,,,,,,NN1 5HN,,,,,,,,,,,,,,,,,,,,,,,,,,,,,,,,
,,,,,,,,,,,NN110GU,,,,,,,,,,,,,,,,,,,,,,,,,,,,,,,,
,,,,,,,,,,,NN46FR,,,,,,,,,,,,,,,,,,,,,,,,,,,,,,,,
,,,,,,,,,,,NN15 5EP,,,,,,,,,,,,,,,,,,,,,,,,,,,,,,,,
,,,,,,,,,,,NN11 0XE,,,,,,,,,,,,,,,,,,,,,,,,,,,,,,,,
,,,,,,,,,,,NN6 0HX,,,,,,,,,,,,,,,,,,,,,,,,,,,,,,,,
,,,,,,,,,,,Nn5 6ye,,,,,,,,,,,,,,,,,,,,,,,,,,,,,,,,
,,,,,,,,,,,,,,,,,,,,,,,,,,,,,,,,,,,,,,,,,,,
,,,,,,,,,,,NN13 6GB,,,,,,,,,,,,,,,,,,,,,,,,,,,,,,,,
,,,,,,,,,,,NN14RL,,,,,,,,,,,,,,,,,,,,,,,,,,,,,,,,
,,,,,,,,,,,,,,,,,,,,,,,,,,,,,,,,,,,,,,,,,,,
,,,,,,,,,,,Nn48tf,,,,,,,,,,,,,,,,,,,,,,,,,,,,,,,,
,,,,,,,,,,,Nn3 8lj,,,,,,,,,,,,,,,,,,,,,,,,,,,,,,,,
,,,,,,,,,,,NN12 6JN,,,,,,,,,,,,,,,,,,,,,,,,,,,,,,,,
,,,,,,,,,,,"NN10 0LW ",,,,,,,,,,,,,,,,,,,,,,,,,,,,,,,,
,,,,,,,,,,,Nn67ys,,,,,,,,,,,,,,,,,,,,,,,,,,,,,,,,
,,,,,,,,,,,,,,,,,,,,,,,,,,,,,,,,,,,,,,,,,,,
,,,,,,,,,,,NN9 5QZ,,,,,,,,,,,,,,,,,,,,,,,,,,,,,,,,
,,,,,,,,,,,,,,,,,,,,,,,,,,,,,,,,,,,,,,,,,,,
,,,,,,,,,,,,,,,,,,,,,,,,,,,,,,,,,,,,,,,,,,,
,,,,,,,,,,,,,,,,,,,,,,,,,,,,,,,,,,,,,,,,,,,
,,,,,,,,,,,NN2 6BB,,,,,,,,,,,,,,,,,,,,,,,,,,,,,,,,
,,,,,,,,,,,NN2 6BB,,,,,,,,,,,,,,,,,,,,,,,,,,,,,,,,
,,,,,,,,,,,NN2 6BB,,,,,,,,,,,,,,,,,,,,,,,,,,,,,,,,
,,,,,,,,,,,NN6 7WG,,,,,,,,,,,,,,,,,,,,,,,,,,,,,,,,
,,,,,,,,,,,NN4 6hj,,,,,,,,,,,,,,,,,,,,,,,,,,,,,,,,
,,,,,,,,,,,NN14 1TR,,,,,,,,,,,,,,,,,,,,,,,,,,,,,,,,
,,,,,,,,,,,"NN15 5BE ",,,,,,,,,,,,,,,,,,,,,,,,,,,,,,,,
,,,,,,,,,,,NN14 3AE,,,,,,,,,,,,,,,,,,,,,,,,,,,,,,,,
,,,,,,,,,,,,,,,,,,,,,,,,,,,,,,,,,,,,,,,,,,,
,,,,,,,,,,,,,,,,,,,,,,,,,,,,,,,,,,,,,,,,,,,
,,,,,,,,,,,,,,,,,,,,,,,,,,,,,,,,,,,,,,,,,,,
,,,,,,,,,,,NN10 0TW,,,,,,,,,,,,,,,,,,,,,,,,,,,,,,,,
,,,,,,,,,,,,,,,,,,,,,,,,,,,,,,,,,,,,,,,,,,,
,,,,,,,,,,,,,,,,,,,,,,,,,,,,,,,,,,,,,,,,,,,
,,,,,,,,,,,NN4 0RL,,,,,,,,,,,,,,,,,,,,,,,,,,,,,,,,
,,,,,,,,,,,NN4 7BU,,,,,,,,,,,,,,,,,,,,,,,,,,,,,,,,
,,,,,,,,,,,NN8 5AF,,,,,,,,,,,,,,,,,,,,,,,,,,,,,,,,
,,,,,,,,,,,NN1 3QS,,,,,,,,,,,,,,,,,,,,,,,,,,,,,,,,
,,,,,,,,,,,"Nn17 2su ",,,,,,,,,,,,,,,,,,,,,,,,,,,,,,,,
,,,,,,,,,,,,,,,,,,,,,,,,,,,,,,,,,,,,,,,,,,,
,,,,,,,,,,,NN6 9DX,,,,,,,,,,,,,,,,,,,,,,,,,,,,,,,,
,,,,,,,,,,,NN2 6HS,,,,,,,,,,,,,,,,,,,,,,,,,,,,,,,,
,,,,,,,,,,,NN6 9LP,,,,,,,,,,,,,,,,,,,,,,,,,,,,,,,,
,,,,,,,,,,,Nn117jn,,,,,,,,,,,,,,,,,,,,,,,,,,,,,,,,
,,,,,,,,,,,NN2 6BF,,,,,,,,,,,,,,,,,,,,,,,,,,,,,,,,
,,,,,,,,,,,NN1 5JE,,,,,,,,,,,,,,,,,,,,,,,,,,,,,,,,
,,,,,,,,,,,NN10 9SP,,,,,,,,,,,,,,,,,,,,,,,,,,,,,,,,
,,,,,,,,,,,NN29 7DR,,,,,,,,,,,,,,,,,,,,,,,,,,,,,,,,
,,,,,,,,,,,,,,,,,,,,,,,,,,,,,,,,,,,,,,,,,,,
,,,,,,,,,,,NN6 0AQ,,,,,,,,,,,,,,,,,,,,,,,,,,,,,,,,
,,,,,,,,,,,,,,,,,,,,,,,,,,,,,,,,,,,,,,,,,,,
,,,,,,,,,,,NN2 6PD,,,,,,,,,,,,,,,,,,,,,,,,,,,,,,,,
,,,,,,,,,,,NN116XD,,,,,,,,,,,,,,,,,,,,,,,,,,,,,,,,
,,,,,,,,,,,,,,,,,,,,,,,,,,,,,,,,,,,,,,,,,,,
,,,,,,,,,,,nn18 9au,,,,,,,,,,,,,,,,,,,,,,,,,,,,,,,,
,,,,,,,,,,,"NN144XD ",,,,,,,,,,,,,,,,,,,,,,,,,,,,,,,,
,,,,,,,,,,,NN2 8PX,,,,,,,,,,,,,,,,,,,,,,,,,,,,,,,,
,,,,,,,,,,,,,,,,,,,,,,,,,,,,,,,,,,,,,,,,,,,
,,,,,,,,,,,"Nn13 6GD ",,,,,,,,,,,,,,,,,,,,,,,,,,,,,,,,
,,,,,,,,,,,,,,,,,,,,,,,,,,,,,,,,,,,,,,,,,,,
,,,,,,,,,,,,,,,,,,,,,,,,,,,,,,,,,,,,,,,,,,,
,,,,,,,,,,,,,,,,,,,,,,,,,,,,,,,,,,,,,,,,,,,
,,,,,,,,,,,NN11 9XL,,,,,,,,,,,,,,,,,,,,,,,,,,,,,,,,
,,,,,,,,,,,Nn14sp,,,,,,,,,,,,,,,,,,,,,,,,,,,,,,,,
,,,,,,,,,,,NN8 4LG,,,,,,,,,,,,,,,,,,,,,,,,,,,,,,,,
,,,,,,,,,,,,,,,,,,,,,,,,,,,,,,,,,,,,,,,,,,,
,,,,,,,,,,,"Nn1 4na ",,,,,,,,,,,,,,,,,,,,,,,,,,,,,,,,
,,,,,,,,,,,,,,,,,,,,,,,,,,,,,,,,,,,,,,,,,,,
,,,,,,,,,,,Nn56hs,,,,,,,,,,,,,,,,,,,,,,,,,,,,,,,,
,,,,,,,,,,,nn40rh,,,,,,,,,,,,,,,,,,,,,,,,,,,,,,,,
,,,,,,,,,,,,,,,,,,,,,,,,,,,,,,,,,,,,,,,,,,,
,,,,,,,,,,,"NN2 7HT ",,,,,,,,,,,,,,,,,,,,,,,,,,,,,,,,
,,,,,,,,,,,PE8 4qp,,,,,,,,,,,,,,,,,,,,,,,,,,,,,,,,
,,,,,,,,,,,"NN116XD ",,,,,,,,,,,,,,,,,,,,,,,,,,,,,,,,
,,,,,,,,,,,Nn3 8us,,,,,,,,,,,,,,,,,,,,,,,,,,,,,,,,
,,,,,,,,,,,NN5 6EH,,,,,,,,,,,,,,,,,,,,,,,,,,,,,,,,
,,,,,,,,,,,NN11 0GW,,,,,,,,,,,,,,,,,,,,,,,,,,,,,,,,
,,,,,,,,,,,,,,,,,,,,,,,,,,,,,,,,,,,,,,,,,,,
,,,,,,,,,,,MK19 6DP,,,,,,,,,,,,,,,,,,,,,,,,,,,,,,,,
,,,,,,,,,,,"NN128RX ",,,,,,,,,,,,,,,,,,,,,,,,,,,,,,,,
,,,,,,,,,,,NN4 9YZ,,,,,,,,,,,,,,,,,,,,,,,,,,,,,,,,
,,,,,,,,,,,NN7 2QQ,,,,,,,,,,,,,,,,,,,,,,,,,,,,,,,,
,,,,,,,,,,,nn144tp,,,,,,,,,,,,,,,,,,,,,,,,,,,,,,,,
,,,,,,,,,,,Nn8 2el,,,,,,,,,,,,,,,,,,,,,,,,,,,,,,,,
,,,,,,,,,,,"NN1 4TH ",,,,,,,,,,,,,,,,,,,,,,,,,,,,,,,,
,,,,,,,,,,,nn3 3hf,,,,,,,,,,,,,,,,,,,,,,,,,,,,,,,,
,,,,,,,,,,,nn109tl,,,,,,,,,,,,,,,,,,,,,,,,,,,,,,,,
,,,,,,,,,,,NN4 6DW,,,,,,,,,,,,,,,,,,,,,,,,,,,,,,,,
,,,,,,,,,,,nn10 0lw,,,,,,,,,,,,,,,,,,,,,,,,,,,,,,,,
,,,,,,,,,,,NN18 0JS,,,,,,,,,,,,,,,,,,,,,,,,,,,,,,,,
,,,,,,,,,,,NN18 9EA,,,,,,,,,,,,,,,,,,,,,,,,,,,,,,,,
,,,,,,,,,,,NN4 9QB,,,,,,,,,,,,,,,,,,,,,,,,,,,,,,,,
,,,,,,,,,,,NN6 9NU,,,,,,,,,,,,,,,,,,,,,,,,,,,,,,,,
,,,,,,,,,,,NN12 8EH,,,,,,,,,,,,,,,,,,,,,,,,,,,,,,,,
,,,,,,,,,,,Nn12 8uz,,,,,,,,,,,,,,,,,,,,,,,,,,,,,,,,
,,,,,,,,,,,Nn4 9ul,,,,,,,,,,,,,,,,,,,,,,,,,,,,,,,,
,,,,,,,,,,,"NN81SF ",,,,,,,,,,,,,,,,,,,,,,,,,,,,,,,,
,,,,,,,,,,,,,,,,,,,,,,,,,,,,,,,,,,,,,,,,,,,
,,,,,,,,,,,Nn4 8lt,,,,,,,,,,,,,,,,,,,,,,,,,,,,,,,,
,,,,,,,,,,,,,,,,,,,,,,,,,,,,,,,,,,,,,,,,,,,
,,,,,,,,,,,"Nn109np ",,,,,,,,,,,,,,,,,,,,,,,,,,,,,,,,
,,,,,,,,,,,NN17 1ER,,,,,,,,,,,,,,,,,,,,,,,,,,,,,,,,
,,,,,,,,,,,,,,,,,,,,,,,,,,,,,,,,,,,,,,,,,,,
,,,,,,,,,,,,,,,,,,,,,,,,,,,,,,,,,,,,,,,,,,,
,,,,,,,,,,,NN155UB,,,,,,,,,,,,,,,,,,,,,,,,,,,,,,,,
,,,,,,,,,,,NN3 2AA,,,,,,,,,,,,,,,,,,,,,,,,,,,,,,,,
,,,,,,,,,,,Nn14 1dt,,,,,,,,,,,,,,,,,,,,,,,,,,,,,,,,
,,,,,,,,,,,,,,,,,,,,,,,,,,,,,,,,,,,,,,,,,,,
,,,,,,,,,,,NN4 8DT,,,,,,,,,,,,,,,,,,,,,,,,,,,,,,,,
,,,,,,,,,,,,,,,,,,,,,,,,,,,,,,,,,,,,,,,,,,,
,,,,,,,,,,,,,,,,,,,,,,,,,,,,,,,,,,,,,,,,,,,
,,,,,,,,,,,NN4 0XH,,,,,,,,,,,,,,,,,,,,,,,,,,,,,,,,
,,,,,,,,,,,NN13 5GE,,,,,,,,,,,,,,,,,,,,,,,,,,,,,,,,
,,,,,,,,,,,Ox17 2he,,,,,,,,,,,,,,,,,,,,,,,,,,,,,,,,
,,,,,,,,,,,Ox17 2he,,,,,,,,,,,,,,,,,,,,,,,,,,,,,,,,
,,,,,,,,,,,,,,,,,,,,,,,,,,,,,,,,,,,,,,,,,,,
,,,,,,,,,,,,,,,,,,,,,,,,,,,,,,,,,,,,,,,,,,,
,,,,,,,,,,,Nn4 6ha,,,,,,,,,,,,,,,,,,,,,,,,,,,,,,,,
,,,,,,,,,,,NN4 8QR,,,,,,,,,,,,,,,,,,,,,,,,,,,,,,,,
,,,,,,,,,,,"NN3 7RB ",,,,,,,,,,,,,,,,,,,,,,,,,,,,,,,,
,,,,,,,,,,,"NN141GW ",,,,,,,,,,,,,,,,,,,,,,,,,,,,,,,,
,,,,,,,,,,,NN13 5NP,,,,,,,,,,,,,,,,,,,,,,,,,,,,,,,,
,,,,,,,,,,,,,,,,,,,,,,,,,,,,,,,,,,,,,,,,,,,
,,,,,,,,,,,,,,,,,,,,,,,,,,,,,,,,,,,,,,,,,,,
,,,,,,,,,,,NN2 8ST,,,,,,,,,,,,,,,,,,,,,,,,,,,,,,,,
,,,,,,,,,,,Nn10 8hh,,,,,,,,,,,,,,,,,,,,,,,,,,,,,,,,
,,,,,,,,,,,LE16 9sh,,,,,,,,,,,,,,,,,,,,,,,,,,,,,,,,
,,,,,,,,,,,,,,,,,,,,,,,,,,,,,,,,,,,,,,,,,,,
,,,,,,,,,,,NN12 7NA,,,,,,,,,,,,,,,,,,,,,,,,,,,,,,,,
,,,,,,,,,,,NN8 3PX,,,,,,,,,,,,,,,,,,,,,,,,,,,,,,,,
,,,,,,,,,,,,,,,,,,,,,,,,,,,,,,,,,,,,,,,,,,,
,,,,,,,,,,,,,,,,,,,,,,,,,,,,,,,,,,,,,,,,,,,
,,,,,,,,,,,,,,,,,,,,,,,,,,,,,,,,,,,,,,,,,,,
,,,,,,,,,,,,,,,,,,,,,,,,,,,,,,,,,,,,,,,,,,,
,,,,,,,,,,,,,,,,,,,,,,,,,,,,,,,,,,,,,,,,,,,
,,,,,,,,,,,Nn14 4df,,,,,,,,,,,,,,,,,,,,,,,,,,,,,,,,
,,,,,,,,,,,,,,,,,,,,,,,,,,,,,,,,,,,,,,,,,,,
,,,,,,,,,,,NN2 6EY,,,,,,,,,,,,,,,,,,,,,,,,,,,,,,,,
,,,,,,,,,,,,,,,,,,,,,,,,,,,,,,,,,,,,,,,,,,,
,,,,,,,,,,,"Nn100tl ",,,,,,,,,,,,,,,,,,,,,,,,,,,,,,,,
,,,,,,,,,,,,,,,,,,,,,,,,,,,,,,,,,,,,,,,,,,,
,,,,,,,,,,,NN2 6JX,,,,,,,,,,,,,,,,,,,,,,,,,,,,,,,,
,,,,,,,,,,,Nn3 8hj,,,,,,,,,,,,,,,,,,,,,,,,,,,,,,,,
,,,,,,,,,,,,,,,,,,,,,,,,,,,,,,,,,,,,,,,,,,,
,,,,,,,,,,,,,,,,,,,,,,,,,,,,,,,,,,,,,,,,,,,
,,,,,,,,,,,NN5 6AR,,,,,,,,,,,,,,,,,,,,,,,,,,,,,,,,
,,,,,,,,,,,NN18 9BG,,,,,,,,,,,,,,,,,,,,,,,,,,,,,,,,
,,,,,,,,,,,"Nn13 6az ",,,,,,,,,,,,,,,,,,,,,,,,,,,,,,,,
,,,,,,,,,,,NN1 5LZ,,,,,,,,,,,,,,,,,,,,,,,,,,,,,,,,
,,,,,,,,,,,NN5 7DY,,,,,,,,,,,,,,,,,,,,,,,,,,,,,,,,
,,,,,,,,,,,"NN4 6ER ",,,,,,,,,,,,,,,,,,,,,,,,,,,,,,,,
,,,,,,,,,,,Nn3 9ep,,,,,,,,,,,,,,,,,,,,,,,,,,,,,,,,
,,,,,,,,,,,,,,,,,,,,,,,,,,,,,,,,,,,,,,,,,,,
,,,,,,,,,,,NN3 5EU,,,,,,,,,,,,,,,,,,,,,,,,,,,,,,,,
,,,,,,,,,,,,,,,,,,,,,,,,,,,,,,,,,,,,,,,,,,,
,,,,,,,,,,,Nn2 8pa,,,,,,,,,,,,,,,,,,,,,,,,,,,,,,,,
,,,,,,,,,,,PE8 5SX,,,,,,,,,,,,,,,,,,,,,,,,,,,,,,,,
,,,,,,,,,,,NN13 6PN,,,,,,,,,,,,,,,,,,,,,,,,,,,,,,,,
,,,,,,,,,,,nn82dd,,,,,,,,,,,,,,,,,,,,,,,,,,,,,,,,
,,,,,,,,,,,NN48LE,,,,,,,,,,,,,,,,,,,,,,,,,,,,,,,,
,,,,,,,,,,,NN14 4EB,,,,,,,,,,,,,,,,,,,,,,,,,,,,,,,,
,,,,,,,,,,,,,,,,,,,,,,,,,,,,,,,,,,,,,,,,,,,
,,,,,,,,,,,NN18 0JD,,,,,,,,,,,,,,,,,,,,,,,,,,,,,,,,
,,,,,,,,,,,NN12 8PX,,,,,,,,,,,,,,,,,,,,,,,,,,,,,,,,
,,,,,,,,,,,NN13 7DA,,,,,,,,,,,,,,,,,,,,,,,,,,,,,,,,
,,,,,,,,,,,nn114sy,,,,,,,,,,,,,,,,,,,,,,,,,,,,,,,,
,,,,,,,,,,,NN11 4AS,,,,,,,,,,,,,,,,,,,,,,,,,,,,,,,,
,,,,,,,,,,,"Nn128ap ",,,,,,,,,,,,,,,,,,,,,,,,,,,,,,,,
,,,,,,,,,,,NN14 4RS,,,,,,,,,,,,,,,,,,,,,,,,,,,,,,,,
,,,,,,,,,,,,,,,,,,,,,,,,,,,,,,,,,,,,,,,,,,,
,,,,,,,,,,,NN156DF,,,,,,,,,,,,,,,,,,,,,,,,,,,,,,,,
,,,,,,,,,,,NN17 1JD,,,,,,,,,,,,,,,,,,,,,,,,,,,,,,,,
,,,,,,,,,,,LE16 8lw,,,,,,,,,,,,,,,,,,,,,,,,,,,,,,,,
,,,,,,,,,,,Nn110rg,,,,,,,,,,,,,,,,,,,,,,,,,,,,,,,,
,,,,,,,,,,,nn85yg,,,,,,,,,,,,,,,,,,,,,,,,,,,,,,,,
,,,,,,,,,,,NN14  4BL,,,,,,,,,,,,,,,,,,,,,,,,,,,,,,,,
,,,,,,,,,,,nn18 0hz,,,,,,,,,,,,,,,,,,,,,,,,,,,,,,,,
,,,,,,,,,,,NN6 9NU,,,,,,,,,,,,,,,,,,,,,,,,,,,,,,,,
,,,,,,,,,,,NN69DX,,,,,,,,,,,,,,,,,,,,,,,,,,,,,,,,
,,,,,,,,,,,NN12 7AE,,,,,,,,,,,,,,,,,,,,,,,,,,,,,,,,
,,,,,,,,,,,,,,,,,,,,,,,,,,,,,,,,,,,,,,,,,,,
,,,,,,,,,,,nn12 7ae,,,,,,,,,,,,,,,,,,,,,,,,,,,,,,,,
,,,,,,,,,,,NN14 2LU,,,,,,,,,,,,,,,,,,,,,,,,,,,,,,,,
,,,,,,,,,,,Nn17 2er,,,,,,,,,,,,,,,,,,,,,,,,,,,,,,,,
,,,,,,,,,,,,,,,,,,,,,,,,,,,,,,,,,,,,,,,,,,,
,,,,,,,,,,,NN1 4PF,,,,,,,,,,,,,,,,,,,,,,,,,,,,,,,,
,,,,,,,,,,,,,,,,,,,,,,,,,,,,,,,,,,,,,,,,,,,
,,,,,,,,,,,NN7 1ad,,,,,,,,,,,,,,,,,,,,,,,,,,,,,,,,
,,,,,,,,,,,,,,,,,,,,,,,,,,,,,,,,,,,,,,,,,,,
,,,,,,,,,,,NN6 9DX,,,,,,,,,,,,,,,,,,,,,,,,,,,,,,,,
,,,,,,,,,,,Nn4 9yx,,,,,,,,,,,,,,,,,,,,,,,,,,,,,,,,
,,,,,,,,,,,"NN49YZ ",,,,,,,,,,,,,,,,,,,,,,,,,,,,,,,,
,,,,,,,,,,,"NN49YZ ",,,,,,,,,,,,,,,,,,,,,,,,,,,,,,,,
,,,,,,,,,,,,,,,,,,,,,,,,,,,,,,,,,,,,,,,,,,,
,,,,,,,,,,,"Nn8 2df ",,,,,,,,,,,,,,,,,,,,,,,,,,,,,,,,
,,,,,,,,,,,NN6 9DT,,,,,,,,,,,,,,,,,,,,,,,,,,,,,,,,
,,,,,,,,,,,Nn18 8nz,,,,,,,,,,,,,,,,,,,,,,,,,,,,,,,,
,,,,,,,,,,,Nn73pg,,,,,,,,,,,,,,,,,,,,,,,,,,,,,,,,
,,,,,,,,,,,,,,,,,,,,,,,,,,,,,,,,,,,,,,,,,,,
,,,,,,,,,,,,,,,,,,,,,,,,,,,,,,,,,,,,,,,,,,,
,,,,,,,,,,,"NN1 5hn ",,,,,,,,,,,,,,,,,,,,,,,,,,,,,,,,
,,,,,,,,,,,,,,,,,,,,,,,,,,,,,,,,,,,,,,,,,,,
,,,,,,,,,,,NN4 9QW,,,,,,,,,,,,,,,,,,,,,,,,,,,,,,,,
,,,,,,,,,,,nn2 8jd,,,,,,,,,,,,,,,,,,,,,,,,,,,,,,,,
,,,,,,,,,,,NN4 6jr,,,,,,,,,,,,,,,,,,,,,,,,,,,,,,,,
,,,,,,,,,,,NN9 5es,,,,,,,,,,,,,,,,,,,,,,,,,,,,,,,,
,,,,,,,,,,,NN16 8RR,,,,,,,,,,,,,,,,,,,,,,,,,,,,,,,,
,,,,,,,,,,,NN16 8RR,,,,,,,,,,,,,,,,,,,,,,,,,,,,,,,,
,,,,,,,,,,,nn14 2gn,,,,,,,,,,,,,,,,,,,,,,,,,,,,,,,,
,,,,,,,,,,,,,,,,,,,,,,,,,,,,,,,,,,,,,,,,,,,
,,,,,,,,,,,NN4 6EE,,,,,,,,,,,,,,,,,,,,,,,,,,,,,,,,
,,,,,,,,,,,,,,,,,,,,,,,,,,,,,,,,,,,,,,,,,,,
,,,,,,,,,,,NN12 7GB,,,,,,,,,,,,,,,,,,,,,,,,,,,,,,,,
,,,,,,,,,,,"Nn4 6lg ",,,,,,,,,,,,,,,,,,,,,,,,,,,,,,,,
,,,,,,,,,,,,,,,,,,,,,,,,,,,,,,,,,,,,,,,,,,,
,,,,,,,,,,,NN18 8JL,,,,,,,,,,,,,,,,,,,,,,,,,,,,,,,,
,,,,,,,,,,,NN12 6DH,,,,,,,,,,,,,,,,,,,,,,,,,,,,,,,,
,,,,,,,,,,,NN46JR,,,,,,,,,,,,,,,,,,,,,,,,,,,,,,,,
,,,,,,,,,,,"Nn100sw ",,,,,,,,,,,,,,,,,,,,,,,,,,,,,,,,
,,,,,,,,,,,Nn3 6jx,,,,,,,,,,,,,,,,,,,,,,,,,,,,,,,,
,,,,,,,,,,,NN13 5HL,,,,,,,,,,,,,,,,,,,,,,,,,,,,,,,,
,,,,,,,,,,,NN14 4FP,,,,,,,,,,,,,,,,,,,,,,,,,,,,,,,,
,,,,,,,,,,,,,,,,,,,,,,,,,,,,,,,,,,,,,,,,,,,
,,,,,,,,,,,nn180hz,,,,,,,,,,,,,,,,,,,,,,,,,,,,,,,,
,,,,,,,,,,,Nn5 5ef,,,,,,,,,,,,,,,,,,,,,,,,,,,,,,,,
,,,,,,,,,,,NN3 5AS,,,,,,,,,,,,,,,,,,,,,,,,,,,,,,,,
,,,,,,,,,,,NN15 7FD,,,,,,,,,,,,,,,,,,,,,,,,,,,,,,,,
,,,,,,,,,,,NN1 3QR,,,,,,,,,,,,,,,,,,,,,,,,,,,,,,,,
,,,,,,,,,,,NN3 7HJ,,,,,,,,,,,,,,,,,,,,,,,,,,,,,,,,
,,,,,,,,,,,NN5 4WE,,,,,,,,,,,,,,,,,,,,,,,,,,,,,,,,
,,,,,,,,,,,NN4 6AH,,,,,,,,,,,,,,,,,,,,,,,,,,,,,,,,
,,,,,,,,,,,NN18 8hu,,,,,,,,,,,,,,,,,,,,,,,,,,,,,,,,
,,,,,,,,,,,"NN69LN ",,,,,,,,,,,,,,,,,,,,,,,,,,,,,,,,
,,,,,,,,,,,"Nn119fu ",,,,,,,,,,,,,,,,,,,,,,,,,,,,,,,,
,,,,,,,,,,,CV23 8TY,,,,,,,,,,,,,,,,,,,,,,,,,,,,,,,,
,,,,,,,,,,,NN12 6JH,,,,,,,,,,,,,,,,,,,,,,,,,,,,,,,,
,,,,,,,,,,,Nn12 6QQ,,,,,,,,,,,,,,,,,,,,,,,,,,,,,,,,
,,,,,,,,,,,Nn48px,,,,,,,,,,,,,,,,,,,,,,,,,,,,,,,,
,,,,,,,,,,,NN12 6RA,,,,,,,,,,,,,,,,,,,,,,,,,,,,,,,,
,,,,,,,,,,,NN14 6AN,,,,,,,,,,,,,,,,,,,,,,,,,,,,,,,,
,,,,,,,,,,,NN4 0DE,,,,,,,,,,,,,,,,,,,,,,,,,,,,,,,,
,,,,,,,,,,,,,,,,,,,,,,,,,,,,,,,,,,,,,,,,,,,
,,,,,,,,,,,nn169da,,,,,,,,,,,,,,,,,,,,,,,,,,,,,,,,
,,,,,,,,,,,Nn11 2pg,,,,,,,,,,,,,,,,,,,,,,,,,,,,,,,,
,,,,,,,,,,,nn9 6qu,,,,,,,,,,,,,,,,,,,,,,,,,,,,,,,,
,,,,,,,,,,,,,,,,,,,,,,,,,,,,,,,,,,,,,,,,,,,
,,,,,,,,,,,"NN11 0SD ",,,,,,,,,,,,,,,,,,,,,,,,,,,,,,,,
,,,,,,,,,,,"NN4 9ER ",,,,,,,,,,,,,,,,,,,,,,,,,,,,,,,,
,,,,,,,,,,,,,,,,,,,,,,,,,,,,,,,,,,,,,,,,,,,
,,,,,,,,,,,NN14 6JP,,,,,,,,,,,,,,,,,,,,,,,,,,,,,,,,
,,,,,,,,,,,Nn4 0xg,,,,,,,,,,,,,,,,,,,,,,,,,,,,,,,,
,,,,,,,,,,,NN8 2NT,,,,,,,,,,,,,,,,,,,,,,,,,,,,,,,,
,,,,,,,,,,,,,,,,,,,,,,,,,,,,,,,,,,,,,,,,,,,
,,,,,,,,,,,Nn4 8SN,,,,,,,,,,,,,,,,,,,,,,,,,,,,,,,,
,,,,,,,,,,,"Nn18 0dw ",,,,,,,,,,,,,,,,,,,,,,,,,,,,,,,,
,,,,,,,,,,,nn68hz,,,,,,,,,,,,,,,,,,,,,,,,,,,,,,,,
,,,,,,,,,,,"Nn12 6rn ",,,,,,,,,,,,,,,,,,,,,,,,,,,,,,,,
,,,,,,,,,,,"NN8 4PN ",,,,,,,,,,,,,,,,,,,,,,,,,,,,,,,,
,,,,,,,,,,,NN16 9EY,,,,,,,,,,,,,,,,,,,,,,,,,,,,,,,,
,,,,,,,,,,,,,,,,,,,,,,,,,,,,,,,,,,,,,,,,,,,
,,,,,,,,,,,NN5 4EZ,,,,,,,,,,,,,,,,,,,,,,,,,,,,,,,,
,,,,,,,,,,,,,,,,,,,,,,,,,,,,,,,,,,,,,,,,,,,
,,,,,,,,,,,,,,,,,,,,,,,,,,,,,,,,,,,,,,,,,,,
,,,,,,,,,,,Nn11 4jj,,,,,,,,,,,,,,,,,,,,,,,,,,,,,,,,
,,,,,,,,,,,NN12 6LU,,,,,,,,,,,,,,,,,,,,,,,,,,,,,,,,
,,,,,,,,,,,NN17 5EN,,,,,,,,,,,,,,,,,,,,,,,,,,,,,,,,
,,,,,,,,,,,NN18 9AU,,,,,,,,,,,,,,,,,,,,,,,,,,,,,,,,
,,,,,,,,,,,,,,,,,,,,,,,,,,,,,,,,,,,,,,,,,,,
,,,,,,,,,,,NN95YW,,,,,,,,,,,,,,,,,,,,,,,,,,,,,,,,
,,,,,,,,,,,nn8 1nj,,,,,,,,,,,,,,,,,,,,,,,,,,,,,,,,
,,,,,,,,,,,"NN7 2DR ",,,,,,,,,,,,,,,,,,,,,,,,,,,,,,,,
,,,,,,,,,,,"NN7 2DR ",,,,,,,,,,,,,,,,,,,,,,,,,,,,,,,,
,,,,,,,,,,,NN60JY,,,,,,,,,,,,,,,,,,,,,,,,,,,,,,,,
,,,,,,,,,,,nn136nh,,,,,,,,,,,,,,,,,,,,,,,,,,,,,,,,
,,,,,,,,,,,,,,,,,,,,,,,,,,,,,,,,,,,,,,,,,,,
,,,,,,,,,,,NN3 3LL,,,,,,,,,,,,,,,,,,,,,,,,,,,,,,,,
,,,,,,,,,,,nn136nh,,,,,,,,,,,,,,,,,,,,,,,,,,,,,,,,
,,,,,,,,,,,,,,,,,,,,,,,,,,,,,,,,,,,,,,,,,,,
,,,,,,,,,,,Nn73jl,,,,,,,,,,,,,,,,,,,,,,,,,,,,,,,,
,,,,,,,,,,,NN3 6HA,,,,,,,,,,,,,,,,,,,,,,,,,,,,,,,,
,,,,,,,,,,,,,,,,,,,,,,,,,,,,,,,,,,,,,,,,,,,
,,,,,,,,,,,Nn3 9ga,,,,,,,,,,,,,,,,,,,,,,,,,,,,,,,,
,,,,,,,,,,,NN3 2SP,,,,,,,,,,,,,,,,,,,,,,,,,,,,,,,,
,,,,,,,,,,,Nn13 6bg,,,,,,,,,,,,,,,,,,,,,,,,,,,,,,,,
,,,,,,,,,,,Nn4 9sz,,,,,,,,,,,,,,,,,,,,,,,,,,,,,,,,
,,,,,,,,,,,Nn14pe,,,,,,,,,,,,,,,,,,,,,,,,,,,,,,,,
,,,,,,,,,,,Nn7 2qj,,,,,,,,,,,,,,,,,,,,,,,,,,,,,,,,
,,,,,,,,,,,"Nn100JF ",,,,,,,,,,,,,,,,,,,,,,,,,,,,,,,,
,,,,,,,,,,,,,,,,,,,,,,,,,,,,,,,,,,,,,,,,,,,
,,,,,,,,,,,,,,,,,,,,,,,,,,,,,,,,,,,,,,,,,,,
,,,,,,,,,,,nn14 6tu,,,,,,,,,,,,,,,,,,,,,,,,,,,,,,,,
,,,,,,,,,,,NN8 6PF,,,,,,,,,,,,,,,,,,,,,,,,,,,,,,,,
,,,,,,,,,,,NN8 4UG,,,,,,,,,,,,,,,,,,,,,,,,,,,,,,,,
,,,,,,,,,,,"NN1 5HN ",,,,,,,,,,,,,,,,,,,,,,,,,,,,,,,,
,,,,,,,,,,,Nn144xp,,,,,,,,,,,,,,,,,,,,,,,,,,,,,,,,
,,,,,,,,,,,NN12 8AB,,,,,,,,,,,,,,,,,,,,,,,,,,,,,,,,
,,,,,,,,,,,"Nn4 6et ",,,,,,,,,,,,,,,,,,,,,,,,,,,,,,,,
,,,,,,,,,,,,,,,,,,,,,,,,,,,,,,,,,,,,,,,,,,,
,,,,,,,,,,,NN10 0DG,,,,,,,,,,,,,,,,,,,,,,,,,,,,,,,,
,,,,,,,,,,,NN4 6JL,,,,,,,,,,,,,,,,,,,,,,,,,,,,,,,,
,,,,,,,,,,,"Nn116dp ",,,,,,,,,,,,,,,,,,,,,,,,,,,,,,,,
,,,,,,,,,,,Nn18 0dy,,,,,,,,,,,,,,,,,,,,,,,,,,,,,,,,
,,,,,,,,,,,"NN15 6FA ",,,,,,,,,,,,,,,,,,,,,,,,,,,,,,,,
,,,,,,,,,,,Nn4 9es,,,,,,,,,,,,,,,,,,,,,,,,,,,,,,,,
,,,,,,,,,,,"NN15 5SN ",,,,,,,,,,,,,,,,,,,,,,,,,,,,,,,,
,,,,,,,,,,,"NN15 6FA ",,,,,,,,,,,,,,,,,,,,,,,,,,,,,,,,
,,,,,,,,,,,,,,,,,,,,,,,,,,,,,,,,,,,,,,,,,,,
,,,,,,,,,,,NN14 4PG,,,,,,,,,,,,,,,,,,,,,,,,,,,,,,,,
,,,,,,,,,,,,,,,,,,,,,,,,,,,,,,,,,,,,,,,,,,,
,,,,,,,,,,,NN39YW,,,,,,,,,,,,,,,,,,,,,,,,,,,,,,,,
,,,,,,,,,,,"NN144TG ",,,,,,,,,,,,,,,,,,,,,,,,,,,,,,,,
,,,,,,,,,,,nn8 1ny,,,,,,,,,,,,,,,,,,,,,,,,,,,,,,,,
,,,,,,,,,,,Nn18 9by,,,,,,,,,,,,,,,,,,,,,,,,,,,,,,,,
,,,,,,,,,,,NN14 6TU,,,,,,,,,,,,,,,,,,,,,,,,,,,,,,,,
,,,,,,,,,,,NN1 3BL,,,,,,,,,,,,,,,,,,,,,,,,,,,,,,,,
,,,,,,,,,,,NN14 4UH,,,,,,,,,,,,,,,,,,,,,,,,,,,,,,,,
,,,,,,,,,,,nn2 6nl,,,,,,,,,,,,,,,,,,,,,,,,,,,,,,,,
,,,,,,,,,,,"Nn3 3bl ",,,,,,,,,,,,,,,,,,,,,,,,,,,,,,,,
,,,,,,,,,,,NN8 3DP,,,,,,,,,,,,,,,,,,,,,,,,,,,,,,,,
,,,,,,,,,,,NN17 2AN,,,,,,,,,,,,,,,,,,,,,,,,,,,,,,,,
,,,,,,,,,,,NN9 6NN,,,,,,,,,,,,,,,,,,,,,,,,,,,,,,,,
,,,,,,,,,,,NN2 6JE,,,,,,,,,,,,,,,,,,,,,,,,,,,,,,,,
,,,,,,,,,,,NN10 9JJ,,,,,,,,,,,,,,,,,,,,,,,,,,,,,,,,
,,,,,,,,,,,NN10 0UQ,,,,,,,,,,,,,,,,,,,,,,,,,,,,,,,,
,,,,,,,,,,,PE8 4Qn,,,,,,,,,,,,,,,,,,,,,,,,,,,,,,,,
,,,,,,,,,,,,,,,,,,,,,,,,,,,,,,,,,,,,,,,,,,,
,,,,,,,,,,,Nn9 6na,,,,,,,,,,,,,,,,,,,,,,,,,,,,,,,,
,,,,,,,,,,,NN5 7BN,,,,,,,,,,,,,,,,,,,,,,,,,,,,,,,,
,,,,,,,,,,,,,,,,,,,,,,,,,,,,,,,,,,,,,,,,,,,
,,,,,,,,,,,,,,,,,,,,,,,,,,,,,,,,,,,,,,,,,,,
,,,,,,,,,,,,,,,,,,,,,,,,,,,,,,,,,,,,,,,,,,,
,,,,,,,,,,,NN9 5RP,,,,,,,,,,,,,,,,,,,,,,,,,,,,,,,,
,,,,,,,,,,,NN3 3AD,,,,,,,,,,,,,,,,,,,,,,,,,,,,,,,,
,,,,,,,,,,,"Nn109qd ",,,,,,,,,,,,,,,,,,,,,,,,,,,,,,,,
,,,,,,,,,,,nn13 7da,,,,,,,,,,,,,,,,,,,,,,,,,,,,,,,,
,,,,,,,,,,,NN10 0LW,,,,,,,,,,,,,,,,,,,,,,,,,,,,,,,,
,,,,,,,,,,,NN17 3HX,,,,,,,,,,,,,,,,,,,,,,,,,,,,,,,,
,,,,,,,,,,,,,,,,,,,,,,,,,,,,,,,,,,,,,,,,,,,
,,,,,,,,,,,NN3 2QD,,,,,,,,,,,,,,,,,,,,,,,,,,,,,,,,
,,,,,,,,,,,NN18 0EL,,,,,,,,,,,,,,,,,,,,,,,,,,,,,,,,
,,,,,,,,,,,Nn16 0dh,,,,,,,,,,,,,,,,,,,,,,,,,,,,,,,,
,,,,,,,,,,,Nn12 8pe,,,,,,,,,,,,,,,,,,,,,,,,,,,,,,,,
,,,,,,,,,,,,,,,,,,,,,,,,,,,,,,,,,,,,,,,,,,,
,,,,,,,,,,,NN2 7QL,,,,,,,,,,,,,,,,,,,,,,,,,,,,,,,,
,,,,,,,,,,,Nn3 2rd,,,,,,,,,,,,,,,,,,,,,,,,,,,,,,,,
,,,,,,,,,,,"Nn3 2rd ",,,,,,,,,,,,,,,,,,,,,,,,,,,,,,,,
,,,,,,,,,,,,,,,,,,,,,,,,,,,,,,,,,,,,,,,,,,,
,,,,,,,,,,,Nn188bh,,,,,,,,,,,,,,,,,,,,,,,,,,,,,,,,
,,,,,,,,,,,,,,,,,,,,,,,,,,,,,,,,,,,,,,,,,,,
,,,,,,,,,,,nn108hf,,,,,,,,,,,,,,,,,,,,,,,,,,,,,,,,
,,,,,,,,,,,,,,,,,,,,,,,,,,,,,,,,,,,,,,,,,,,
,,,,,,,,,,,NN29 7AA,,,,,,,,,,,,,,,,,,,,,,,,,,,,,,,,
,,,,,,,,,,,NN7 2QE,,,,,,,,,,,,,,,,,,,,,,,,,,,,,,,,
,,,,,,,,,,,Nn18 9nd,,,,,,,,,,,,,,,,,,,,,,,,,,,,,,,,
,,,,,,,,,,,Le168tg,,,,,,,,,,,,,,,,,,,,,,,,,,,,,,,,
,,,,,,,,,,,NN8 4HF,,,,,,,,,,,,,,,,,,,,,,,,,,,,,,,,
,,,,,,,,,,,"Nn95pw ",,,,,,,,,,,,,,,,,,,,,,,,,,,,,,,,
,,,,,,,,,,,NN14 1SZ,,,,,,,,,,,,,,,,,,,,,,,,,,,,,,,,
,,,,,,,,,,,NN57AB,,,,,,,,,,,,,,,,,,,,,,,,,,,,,,,,
,,,,,,,,,,,,,,,,,,,,,,,,,,,,,,,,,,,,,,,,,,,
,,,,,,,,,,,,,,,,,,,,,,,,,,,,,,,,,,,,,,,,,,,
,,,,,,,,,,,Nn38uw,,,,,,,,,,,,,,,,,,,,,,,,,,,,,,,,
,,,,,,,,,,,NN5 5EF,,,,,,,,,,,,,,,,,,,,,,,,,,,,,,,,
,,,,,,,,,,,,,,,,,,,,,,,,,,,,,,,,,,,,,,,,,,,
,,,,,,,,,,,NN1 2HN,,,,,,,,,,,,,,,,,,,,,,,,,,,,,,,,
,,,,,,,,,,,,,,,,,,,,,,,,,,,,,,,,,,,,,,,,,,,
,,,,,,,,,,,NN8 3ND,,,,,,,,,,,,,,,,,,,,,,,,,,,,,,,,
,,,,,,,,,,,NN6 0PW,,,,,,,,,,,,,,,,,,,,,,,,,,,,,,,,
,,,,,,,,,,,NN17 2DQ,,,,,,,,,,,,,,,,,,,,,,,,,,,,,,,,
,,,,,,,,,,,Nn36ha,,,,,,,,,,,,,,,,,,,,,,,,,,,,,,,,
,,,,,,,,,,,,,,,,,,,,,,,,,,,,,,,,,,,,,,,,,,,
,,,,,,,,,,,NN14 2LU,,,,,,,,,,,,,,,,,,,,,,,,,,,,,,,,
,,,,,,,,,,,NN14 2LU,,,,,,,,,,,,,,,,,,,,,,,,,,,,,,,,
,,,,,,,,,,,"NN4 9XE ",,,,,,,,,,,,,,,,,,,,,,,,,,,,,,,,
,,,,,,,,,,,Nn157en,,,,,,,,,,,,,,,,,,,,,,,,,,,,,,,,
,,,,,,,,,,,Nn157en,,,,,,,,,,,,,,,,,,,,,,,,,,,,,,,,
,,,,,,,,,,,NN3 8SS,,,,,,,,,,,,,,,,,,,,,,,,,,,,,,,,
,,,,,,,,,,,NN17 5AY,,,,,,,,,,,,,,,,,,,,,,,,,,,,,,,,
,,,,,,,,,,,Nn3 2tj,,,,,,,,,,,,,,,,,,,,,,,,,,,,,,,,
,,,,,,,,,,,NN4 9XJ,,,,,,,,,,,,,,,,,,,,,,,,,,,,,,,,
,,,,,,,,,,,NN1 5QY,,,,,,,,,,,,,,,,,,,,,,,,,,,,,,,,
,,,,,,,,,,,,,,,,,,,,,,,,,,,,,,,,,,,,,,,,,,,
,,,,,,,,,,,NN10 9LN,,,,,,,,,,,,,,,,,,,,,,,,,,,,,,,,
,,,,,,,,,,,"Nn48gh ",,,,,,,,,,,,,,,,,,,,,,,,,,,,,,,,
,,,,,,,,,,,"Nn46bb ",,,,,,,,,,,,,,,,,,,,,,,,,,,,,,,,
,,,,,,,,,,,NN12 8JQ,,,,,,,,,,,,,,,,,,,,,,,,,,,,,,,,
,,,,,,,,,,,NN128JQ,,,,,,,,,,,,,,,,,,,,,,,,,,,,,,,,
,,,,,,,,,,,,,,,,,,,,,,,,,,,,,,,,,,,,,,,,,,,
,,,,,,,,,,,"NN12 7AE ",,,,,,,,,,,,,,,,,,,,,,,,,,,,,,,,
,,,,,,,,,,,Nn17 1ez,,,,,,,,,,,,,,,,,,,,,,,,,,,,,,,,
,,,,,,,,,,,NN12 7AF,,,,,,,,,,,,,,,,,,,,,,,,,,,,,,,,
,,,,,,,,,,,,,,,,,,,,,,,,,,,,,,,,,,,,,,,,,,,
,,,,,,,,,,,NN17 2LZ,,,,,,,,,,,,,,,,,,,,,,,,,,,,,,,,
,,,,,,,,,,,nn32aa,,,,,,,,,,,,,,,,,,,,,,,,,,,,,,,,
,,,,,,,,,,,,,,,,,,,,,,,,,,,,,,,,,,,,,,,,,,,
,,,,,,,,,,,NN18 9JJ,,,,,,,,,,,,,,,,,,,,,,,,,,,,,,,,
,,,,,,,,,,,,,,,,,,,,,,,,,,,,,,,,,,,,,,,,,,,
,,,,,,,,,,,NN17 2PZ,,,,,,,,,,,,,,,,,,,,,,,,,,,,,,,,
,,,,,,,,,,,nn2 6jn,,,,,,,,,,,,,,,,,,,,,,,,,,,,,,,,
,,,,,,,,,,,NN172EA,,,,,,,,,,,,,,,,,,,,,,,,,,,,,,,,
,,,,,,,,,,,NN126EQ,,,,,,,,,,,,,,,,,,,,,,,,,,,,,,,,
,,,,,,,,,,,NN17 2DH,,,,,,,,,,,,,,,,,,,,,,,,,,,,,,,,
,,,,,,,,,,,,,,,,,,,,,,,,,,,,,,,,,,,,,,,,,,,
,,,,,,,,,,,nn17 2da,,,,,,,,,,,,,,,,,,,,,,,,,,,,,,,,
,,,,,,,,,,,nn5 4ud,,,,,,,,,,,,,,,,,,,,,,,,,,,,,,,,
,,,,,,,,,,,NN7 4JD,,,,,,,,,,,,,,,,,,,,,,,,,,,,,,,,
,,,,,,,,,,,,,,,,,,,,,,,,,,,,,,,,,,,,,,,,,,,
,,,,,,,,,,,nn172jz,,,,,,,,,,,,,,,,,,,,,,,,,,,,,,,,
,,,,,,,,,,,NN9 6SW,,,,,,,,,,,,,,,,,,,,,,,,,,,,,,,,
,,,,,,,,,,,Nn81nj,,,,,,,,,,,,,,,,,,,,,,,,,,,,,,,,
,,,,,,,,,,,NN5 6HZ,,,,,,,,,,,,,,,,,,,,,,,,,,,,,,,,
,,,,,,,,,,,NN6 9PS,,,,,,,,,,,,,,,,,,,,,,,,,,,,,,,,
,,,,,,,,,,,,,,,,,,,,,,,,,,,,,,,,,,,,,,,,,,,
,,,,,,,,,,,"Nn126td ",,,,,,,,,,,,,,,,,,,,,,,,,,,,,,,,
,,,,,,,,,,,NN5 5EX,,,,,,,,,,,,,,,,,,,,,,,,,,,,,,,,
,,,,,,,,,,,NN8 2EE,,,,,,,,,,,,,,,,,,,,,,,,,,,,,,,,
,,,,,,,,,,,"NN73QB ",,,,,,,,,,,,,,,,,,,,,,,,,,,,,,,,
,,,,,,,,,,,"NN18 0DB ",,,,,,,,,,,,,,,,,,,,,,,,,,,,,,,,
,,,,,,,,,,,"NN180BD ",,,,,,,,,,,,,,,,,,,,,,,,,,,,,,,,
,,,,,,,,,,,NN11 0NZ,,,,,,,,,,,,,,,,,,,,,,,,,,,,,,,,
,,,,,,,,,,,Nn14 6tu,,,,,,,,,,,,,,,,,,,,,,,,,,,,,,,,
,,,,,,,,,,,NN10 8AN,,,,,,,,,,,,,,,,,,,,,,,,,,,,,,,,
,,,,,,,,,,,Nn54bq,,,,,,,,,,,,,,,,,,,,,,,,,,,,,,,,
,,,,,,,,,,,NN1 5RX,,,,,,,,,,,,,,,,,,,,,,,,,,,,,,,,
,,,,,,,,,,,nn11 9dh,,,,,,,,,,,,,,,,,,,,,,,,,,,,,,,,
,,,,,,,,,,,,,,,,,,,,,,,,,,,,,,,,,,,,,,,,,,,
,,,,,,,,,,,NN1 4RL,,,,,,,,,,,,,,,,,,,,,,,,,,,,,,,,
,,,,,,,,,,,NN2 6NP,,,,,,,,,,,,,,,,,,,,,,,,,,,,,,,,
,,,,,,,,,,,,,,,,,,,,,,,,,,,,,,,,,,,,,,,,,,,
,,,,,,,,,,,NN54DZ,,,,,,,,,,,,,,,,,,,,,,,,,,,,,,,,
,,,,,,,,,,,NN54DZ,,,,,,,,,,,,,,,,,,,,,,,,,,,,,,,,
,,,,,,,,,,,,,,,,,,,,,,,,,,,,,,,,,,,,,,,,,,,
,,,,,,,,,,,"NN49YZ ",,,,,,,,,,,,,,,,,,,,,,,,,,,,,,,,
,,,,,,,,,,,Nn9 5lj,,,,,,,,,,,,,,,,,,,,,,,,,,,,,,,,
,,,,,,,,,,,,,,,,,,,,,,,,,,,,,,,,,,,,,,,,,,,
,,,,,,,,,,,NN83LA,,,,,,,,,,,,,,,,,,,,,,,,,,,,,,,,
,,,,,,,,,,,"NN4 6ju ",,,,,,,,,,,,,,,,,,,,,,,,,,,,,,,,
,,,,,,,,,,,nn4 6ee,,,,,,,,,,,,,,,,,,,,,,,,,,,,,,,,
,,,,,,,,,,,NN3 5DG,,,,,,,,,,,,,,,,,,,,,,,,,,,,,,,,
,,,,,,,,,,,NN7 1NX,,,,,,,,,,,,,,,,,,,,,,,,,,,,,,,,
,,,,,,,,,,,Nn4 6hw,,,,,,,,,,,,,,,,,,,,,,,,,,,,,,,,
,,,,,,,,,,,NN146JP,,,,,,,,,,,,,,,,,,,,,,,,,,,,,,,,
,,,,,,,,,,,Nn18 0el,,,,,,,,,,,,,,,,,,,,,,,,,,,,,,,,
,,,,,,,,,,,,,,,,,,,,,,,,,,,,,,,,,,,,,,,,,,,
,,,,,,,,,,,NN5 5BF,,,,,,,,,,,,,,,,,,,,,,,,,,,,,,,,
,,,,,,,,,,,Nn14 2rd,,,,,,,,,,,,,,,,,,,,,,,,,,,,,,,,
,,,,,,,,,,,"NN4 9XP ",,,,,,,,,,,,,,,,,,,,,,,,,,,,,,,,
,,,,,,,,,,,,,,,,,,,,,,,,,,,,,,,,,,,,,,,,,,,
,,,,,,,,,,,NN95UP,,,,,,,,,,,,,,,,,,,,,,,,,,,,,,,,
,,,,,,,,,,,Nn126yf,,,,,,,,,,,,,,,,,,,,,,,,,,,,,,,,
,,,,,,,,,,,Nn17 2bx,,,,,,,,,,,,,,,,,,,,,,,,,,,,,,,,
,,,,,,,,,,,Nn5 6tl,,,,,,,,,,,,,,,,,,,,,,,,,,,,,,,,
,,,,,,,,,,,Nn10 8hl,,,,,,,,,,,,,,,,,,,,,,,,,,,,,,,,
,,,,,,,,,,,,,,,,,,,,,,,,,,,,,,,,,,,,,,,,,,,
,,,,,,,,,,,NN85AA,,,,,,,,,,,,,,,,,,,,,,,,,,,,,,,,
,,,,,,,,,,,Nn9 6hl,,,,,,,,,,,,,,,,,,,,,,,,,,,,,,,,
,,,,,,,,,,,NN3 2JN,,,,,,,,,,,,,,,,,,,,,,,,,,,,,,,,
,,,,,,,,,,,Nn46et,,,,,,,,,,,,,,,,,,,,,,,,,,,,,,,,
,,,,,,,,,,,NN12 8AB,,,,,,,,,,,,,,,,,,,,,,,,,,,,,,,,
,,,,,,,,,,,Nn4 6js,,,,,,,,,,,,,,,,,,,,,,,,,,,,,,,,
,,,,,,,,,,,NN18 8QQ,,,,,,,,,,,,,,,,,,,,,,,,,,,,,,,,
,,,,,,,,,,,NN14 1BS,,,,,,,,,,,,,,,,,,,,,,,,,,,,,,,,
,,,,,,,,,,,NN142JG,,,,,,,,,,,,,,,,,,,,,,,,,,,,,,,,
,,,,,,,,,,,,,,,,,,,,,,,,,,,,,,,,,,,,,,,,,,,
,,,,,,,,,,,Nn10 6bg,,,,,,,,,,,,,,,,,,,,,,,,,,,,,,,,
,,,,,,,,,,,NN18 0QT,,,,,,,,,,,,,,,,,,,,,,,,,,,,,,,,
,,,,,,,,,,,NN4 8EY,,,,,,,,,,,,,,,,,,,,,,,,,,,,,,,,
,,,,,,,,,,,NN18 8RQ,,,,,,,,,,,,,,,,,,,,,,,,,,,,,,,,
,,,,,,,,,,,"NN12 8JQ ",,,,,,,,,,,,,,,,,,,,,,,,,,,,,,,,
,,,,,,,,,,,Nn155hp,,,,,,,,,,,,,,,,,,,,,,,,,,,,,,,,
,,,,,,,,,,,NN10 9NZ,,,,,,,,,,,,,,,,,,,,,,,,,,,,,,,,
,,,,,,,,,,,,,,,,,,,,,,,,,,,,,,,,,,,,,,,,,,,
,,,,,,,,,,,NN10 9NZ,,,,,,,,,,,,,,,,,,,,,,,,,,,,,,,,
,,,,,,,,,,,NN18 0LX,,,,,,,,,,,,,,,,,,,,,,,,,,,,,,,,
,,,,,,,,,,,"Nn39bg ",,,,,,,,,,,,,,,,,,,,,,,,,,,,,,,,
,,,,,,,,,,,NN3 9AT,,,,,,,,,,,,,,,,,,,,,,,,,,,,,,,,
,,,,,,,,,,,NN16 9XR,,,,,,,,,,,,,,,,,,,,,,,,,,,,,,,,
,,,,,,,,,,,Nn188jn,,,,,,,,,,,,,,,,,,,,,,,,,,,,,,,,
,,,,,,,,,,,NN18 8JL,,,,,,,,,,,,,,,,,,,,,,,,,,,,,,,,
,,,,,,,,,,,,,,,,,,,,,,,,,,,,,,,,,,,,,,,,,,,
,,,,,,,,,,,Nn188df,,,,,,,,,,,,,,,,,,,,,,,,,,,,,,,,
,,,,,,,,,,,NN16 0ER,,,,,,,,,,,,,,,,,,,,,,,,,,,,,,,,
,,,,,,,,,,,Nn15 5yf,,,,,,,,,,,,,,,,,,,,,,,,,,,,,,,,
,,,,,,,,,,,"nn1 4ny ",,,,,,,,,,,,,,,,,,,,,,,,,,,,,,,,
,,,,,,,,,,,"Nn172er ",,,,,,,,,,,,,,,,,,,,,,,,,,,,,,,,
,,,,,,,,,,,,,,,,,,,,,,,,,,,,,,,,,,,,,,,,,,,
,,,,,,,,,,,NN18 8LB,,,,,,,,,,,,,,,,,,,,,,,,,,,,,,,,
,,,,,,,,,,,nn15 5yg,,,,,,,,,,,,,,,,,,,,,,,,,,,,,,,,
,,,,,,,,,,,NN12 8RZ,,,,,,,,,,,,,,,,,,,,,,,,,,,,,,,,
,,,,,,,,,,,,,,,,,,,,,,,,,,,,,,,,,,,,,,,,,,,
,,,,,,,,,,,PE8 4DP,,,,,,,,,,,,,,,,,,,,,,,,,,,,,,,,
,,,,,,,,,,,,,,,,,,,,,,,,,,,,,,,,,,,,,,,,,,,
,,,,,,,,,,,,,,,,,,,,,,,,,,,,,,,,,,,,,,,,,,,
,,,,,,,,,,,,,,,,,,,,,,,,,,,,,,,,,,,,,,,,,,,
,,,,,,,,,,,NN126YE,,,,,,,,,,,,,,,,,,,,,,,,,,,,,,,,
,,,,,,,,,,,NN18 8Sz,,,,,,,,,,,,,,,,,,,,,,,,,,,,,,,,
,,,,,,,,,,,NN6 7GJ,,,,,,,,,,,,,,,,,,,,,,,,,,,,,,,,
,,,,,,,,,,,nn4 9xd,,,,,,,,,,,,,,,,,,,,,,,,,,,,,,,,
,,,,,,,,,,,,,,,,,,,,,,,,,,,,,,,,,,,,,,,,,,,
,,,,,,,,,,,NN7 1NS,,,,,,,,,,,,,,,,,,,,,,,,,,,,,,,,
,,,,,,,,,,,,,,,,,,,,,,,,,,,,,,,,,,,,,,,,,,,
,,,,,,,,,,,,,,,,,,,,,,,,,,,,,,,,,,,,,,,,,,,
,,,,,,,,,,,,,,,,,,,,,,,,,,,,,,,,,,,,,,,,,,,
,,,,,,,,,,,CV23 8TU,,,,,,,,,,,,,,,,,,,,,,,,,,,,,,,,
,,,,,,,,,,,NN5 6YN,,,,,,,,,,,,,,,,,,,,,,,,,,,,,,,,
,,,,,,,,,,,NN3 6NX,,,,,,,,,,,,,,,,,,,,,,,,,,,,,,,,
,,,,,,,,,,,,,,,,,,,,,,,,,,,,,,,,,,,,,,,,,,,
,,,,,,,,,,,NN18 8JL,,,,,,,,,,,,,,,,,,,,,,,,,,,,,,,,
,,,,,,,,,,,OX17 3RJ,,,,,,,,,,,,,,,,,,,,,,,,,,,,,,,,
,,,,,,,,,,,"NN3 2JJ ",,,,,,,,,,,,,,,,,,,,,,,,,,,,,,,,
,,,,,,,,,,,NN8 3AH,,,,,,,,,,,,,,,,,,,,,,,,,,,,,,,,
,,,,,,,,,,,,,,,,,,,,,,,,,,,,,,,,,,,,,,,,,,,
,,,,,,,,,,,NN13 6JQ,,,,,,,,,,,,,,,,,,,,,,,,,,,,,,,,
,,,,,,,,,,,NN4 8JT,,,,,,,,,,,,,,,,,,,,,,,,,,,,,,,,
,,,,,,,,,,,NN4 8qh,,,,,,,,,,,,,,,,,,,,,,,,,,,,,,,,
,,,,,,,,,,,Nn6 7du,,,,,,,,,,,,,,,,,,,,,,,,,,,,,,,,
,,,,,,,,,,,nn2 6bb,,,,,,,,,,,,,,,,,,,,,,,,,,,,,,,,
,,,,,,,,,,,"Nn143dj ",,,,,,,,,,,,,,,,,,,,,,,,,,,,,,,,
,,,,,,,,,,,,,,,,,,,,,,,,,,,,,,,,,,,,,,,,,,,
,,,,,,,,,,,NN172RW,,,,,,,,,,,,,,,,,,,,,,,,,,,,,,,,
,,,,,,,,,,,Nn4 8qh,,,,,,,,,,,,,,,,,,,,,,,,,,,,,,,,
,,,,,,,,,,,nn3 9ur,,,,,,,,,,,,,,,,,,,,,,,,,,,,,,,,
,,,,,,,,,,,nn3 6qw,,,,,,,,,,,,,,,,,,,,,,,,,,,,,,,,
,,,,,,,,,,,NN46AT,,,,,,,,,,,,,,,,,,,,,,,,,,,,,,,,
,,,,,,,,,,,NN12 8AY,,,,,,,,,,,,,,,,,,,,,,,,,,,,,,,,
,,,,,,,,,,,NN14 2GP,,,,,,,,,,,,,,,,,,,,,,,,,,,,,,,,
,,,,,,,,,,,Nn15 5ff,,,,,,,,,,,,,,,,,,,,,,,,,,,,,,,,
,,,,,,,,,,,Nn1 5jx,,,,,,,,,,,,,,,,,,,,,,,,,,,,,,,,
,,,,,,,,,,,,,,,,,,,,,,,,,,,,,,,,,,,,,,,,,,,
,,,,,,,,,,,"NN144EN ",,,,,,,,,,,,,,,,,,,,,,,,,,,,,,,,
,,,,,,,,,,,,,,,,,,,,,,,,,,,,,,,,,,,,,,,,,,,
,,,,,,,,,,,NN26EP,,,,,,,,,,,,,,,,,,,,,,,,,,,,,,,,
,,,,,,,,,,,"Nn17 3lf ",,,,,,,,,,,,,,,,,,,,,,,,,,,,,,,,
,,,,,,,,,,,NN17 2UY,,,,,,,,,,,,,,,,,,,,,,,,,,,,,,,,
,,,,,,,,,,,"NN188RE ",,,,,,,,,,,,,,,,,,,,,,,,,,,,,,,,
,,,,,,,,,,,"Nn15 6gy ",,,,,,,,,,,,,,,,,,,,,,,,,,,,,,,,
,,,,,,,,,,,LE16 9RX,,,,,,,,,,,,,,,,,,,,,,,,,,,,,,,,
,,,,,,,,,,,Nn6 0de,,,,,,,,,,,,,,,,,,,,,,,,,,,,,,,,
,,,,,,,,,,,"Nn83jg ",,,,,,,,,,,,,,,,,,,,,,,,,,,,,,,,
,,,,,,,,,,,Nn3 8XB,,,,,,,,,,,,,,,,,,,,,,,,,,,,,,,,
,,,,,,,,,,,NN5 5AN,,,,,,,,,,,,,,,,,,,,,,,,,,,,,,,,
,,,,,,,,,,,NN13QG,,,,,,,,,,,,,,,,,,,,,,,,,,,,,,,,
,,,,,,,,,,,Cv23 8XS,,,,,,,,,,,,,,,,,,,,,,,,,,,,,,,,
,,,,,,,,,,,Nn32rd,,,,,,,,,,,,,,,,,,,,,,,,,,,,,,,,
,,,,,,,,,,,NN16 0QS,,,,,,,,,,,,,,,,,,,,,,,,,,,,,,,,
,,,,,,,,,,,,,,,,,,,,,,,,,,,,,,,,,,,,,,,,,,,
,,,,,,,,,,,,,,,,,,,,,,,,,,,,,,,,,,,,,,,,,,,
,,,,,,,,,,,"NN15BT ",,,,,,,,,,,,,,,,,,,,,,,,,,,,,,,,
,,,,,,,,,,,,,,,,,,,,,,,,,,,,,,,,,,,,,,,,,,,
,,,,,,,,,,,NN5 6FJ,,,,,,,,,,,,,,,,,,,,,,,,,,,,,,,,
,,,,,,,,,,,NN4 0rp,,,,,,,,,,,,,,,,,,,,,,,,,,,,,,,,
,,,,,,,,,,,NN49DQ,,,,,,,,,,,,,,,,,,,,,,,,,,,,,,,,
,,,,,,,,,,,,,,,,,,,,,,,,,,,,,,,,,,,,,,,,,,,
,,,,,,,,,,,"NN17 2PR ",,,,,,,,,,,,,,,,,,,,,,,,,,,,,,,,
,,,,,,,,,,,NN11 3SA,,,,,,,,,,,,,,,,,,,,,,,,,,,,,,,,
,,,,,,,,,,,,,,,,,,,,,,,,,,,,,,,,,,,,,,,,,,,
,,,,,,,,,,,NN18 8HP,,,,,,,,,,,,,,,,,,,,,,,,,,,,,,,,
,,,,,,,,,,,Nn126ay,,,,,,,,,,,,,,,,,,,,,,,,,,,,,,,,
,,,,,,,,,,,,,,,,,,,,,,,,,,,,,,,,,,,,,,,,,,,
,,,,,,,,,,,NN3 3AB,,,,,,,,,,,,,,,,,,,,,,,,,,,,,,,,
,,,,,,,,,,,,,,,,,,,,,,,,,,,,,,,,,,,,,,,,,,,
,,,,,,,,,,,NN12 8DB,,,,,,,,,,,,,,,,,,,,,,,,,,,,,,,,
,,,,,,,,,,,NN6 9BU,,,,,,,,,,,,,,,,,,,,,,,,,,,,,,,,
,,,,,,,,,,,nn9 6np,,,,,,,,,,,,,,,,,,,,,,,,,,,,,,,,
,,,,,,,,,,,NN160SD,,,,,,,,,,,,,,,,,,,,,,,,,,,,,,,,
,,,,,,,,,,,nn12 8jw,,,,,,,,,,,,,,,,,,,,,,,,,,,,,,,,
,,,,,,,,,,,"Nn17 2je ",,,,,,,,,,,,,,,,,,,,,,,,,,,,,,,,
,,,,,,,,,,,NN7 4SX,,,,,,,,,,,,,,,,,,,,,,,,,,,,,,,,
,,,,,,,,,,,,,,,,,,,,,,,,,,,,,,,,,,,,,,,,,,,
,,,,,,,,,,,NN5 4FS,,,,,,,,,,,,,,,,,,,,,,,,,,,,,,,,
,,,,,,,,,,,,,,,,,,,,,,,,,,,,,,,,,,,,,,,,,,,
,,,,,,,,,,,,,,,,,,,,,,,,,,,,,,,,,,,,,,,,,,,
,,,,,,,,,,,NN6 6JU,,,,,,,,,,,,,,,,,,,,,,,,,,,,,,,,
,,,,,,,,,,,"Nn144rq ",,,,,,,,,,,,,,,,,,,,,,,,,,,,,,,,
,,,,,,,,,,,"NN4 0BJ ",,,,,,,,,,,,,,,,,,,,,,,,,,,,,,,,
,,,,,,,,,,,"Nn14 4js ",,,,,,,,,,,,,,,,,,,,,,,,,,,,,,,,
,,,,,,,,,,,"NN188FT ",,,,,,,,,,,,,,,,,,,,,,,,,,,,,,,,
,,,,,,,,,,,,,,,,,,,,,,,,,,,,,,,,,,,,,,,,,,,
,,,,,,,,,,,NN6 9EQ,,,,,,,,,,,,,,,,,,,,,,,,,,,,,,,,
,,,,,,,,,,,NN14 4XP,,,,,,,,,,,,,,,,,,,,,,,,,,,,,,,,
,,,,,,,,,,,,,,,,,,,,,,,,,,,,,,,,,,,,,,,,,,,
,,,,,,,,,,,Pe8 5bd,,,,,,,,,,,,,,,,,,,,,,,,,,,,,,,,
,,,,,,,,,,,LE16 8QQ,,,,,,,,,,,,,,,,,,,,,,,,,,,,,,,,
,,,,,,,,,,,Nn128fp,,,,,,,,,,,,,,,,,,,,,,,,,,,,,,,,
,,,,,,,,,,,Nn49qj,,,,,,,,,,,,,,,,,,,,,,,,,,,,,,,,
,,,,,,,,,,,"Nn6 8fe ",,,,,,,,,,,,,,,,,,,,,,,,,,,,,,,,
,,,,,,,,,,,nn11 2nd,,,,,,,,,,,,,,,,,,,,,,,,,,,,,,,,
,,,,,,,,,,,Nn144uy,,,,,,,,,,,,,,,,,,,,,,,,,,,,,,,,
,,,,,,,,,,,,,,,,,,,,,,,,,,,,,,,,,,,,,,,,,,,
,,,,,,,,,,,Nn4 6jf,,,,,,,,,,,,,,,,,,,,,,,,,,,,,,,,
,,,,,,,,,,,Nn69dy,,,,,,,,,,,,,,,,,,,,,,,,,,,,,,,,
,,,,,,,,,,,NN18 8PY,,,,,,,,,,,,,,,,,,,,,,,,,,,,,,,,
,,,,,,,,,,,NN3 3AR,,,,,,,,,,,,,,,,,,,,,,,,,,,,,,,,
,,,,,,,,,,,,,,,,,,,,,,,,,,,,,,,,,,,,,,,,,,,
,,,,,,,,,,,NN4 6BB,,,,,,,,,,,,,,,,,,,,,,,,,,,,,,,,
,,,,,,,,,,,,,,,,,,,,,,,,,,,,,,,,,,,,,,,,,,,
,,,,,,,,,,,NN11 8BN,,,,,,,,,,,,,,,,,,,,,,,,,,,,,,,,
,,,,,,,,,,,"NN172yb ",,,,,,,,,,,,,,,,,,,,,,,,,,,,,,,,
,,,,,,,,,,,NN14 4FD,,,,,,,,,,,,,,,,,,,,,,,,,,,,,,,,
,,,,,,,,,,,NN14 4FJ,,,,,,,,,,,,,,,,,,,,,,,,,,,,,,,,
,,,,,,,,,,,NN9 5LB,,,,,,,,,,,,,,,,,,,,,,,,,,,,,,,,
,,,,,,,,,,,,,,,,,,,,,,,,,,,,,,,,,,,,,,,,,,,
,,,,,,,,,,,NN4 7AU,,,,,,,,,,,,,,,,,,,,,,,,,,,,,,,,
,,,,,,,,,,,NN16 9EZ,,,,,,,,,,,,,,,,,,,,,,,,,,,,,,,,
,,,,,,,,,,,,,,,,,,,,,,,,,,,,,,,,,,,,,,,,,,,
,,,,,,,,,,,"NN12 6UW ",,,,,,,,,,,,,,,,,,,,,,,,,,,,,,,,
,,,,,,,,,,,LE16 8YG,,,,,,,,,,,,,,,,,,,,,,,,,,,,,,,,
,,,,,,,,,,,NN12 8WD,,,,,,,,,,,,,,,,,,,,,,,,,,,,,,,,
,,,,,,,,,,,"Nn297rd ",,,,,,,,,,,,,,,,,,,,,,,,,,,,,,,,
,,,,,,,,,,,NN13 5HL,,,,,,,,,,,,,,,,,,,,,,,,,,,,,,,,
,,,,,,,,,,,NN8 1RE,,,,,,,,,,,,,,,,,,,,,,,,,,,,,,,,
,,,,,,,,,,,NN18 8DE,,,,,,,,,,,,,,,,,,,,,,,,,,,,,,,,
,,,,,,,,,,,NN4 8JT,,,,,,,,,,,,,,,,,,,,,,,,,,,,,,,,
,,,,,,,,,,,NN4 8JT,,,,,,,,,,,,,,,,,,,,,,,,,,,,,,,,
,,,,,,,,,,,NN4 8ED,,,,,,,,,,,,,,,,,,,,,,,,,,,,,,,,
,,,,,,,,,,,Nn188pu,,,,,,,,,,,,,,,,,,,,,,,,,,,,,,,,
,,,,,,,,,,,,,,,,,,,,,,,,,,,,,,,,,,,,,,,,,,,
,,,,,,,,,,,NN3 3LL,,,,,,,,,,,,,,,,,,,,,,,,,,,,,,,,
,,,,,,,,,,,,,,,,,,,,,,,,,,,,,,,,,,,,,,,,,,,
,,,,,,,,,,,,,,,,,,,,,,,,,,,,,,,,,,,,,,,,,,,
,,,,,,,,,,,NN14 4NZ,,,,,,,,,,,,,,,,,,,,,,,,,,,,,,,,
,,,,,,,,,,,NN9 6JX,,,,,,,,,,,,,,,,,,,,,,,,,,,,,,,,
,,,,,,,,,,,NN12 7AH,,,,,,,,,,,,,,,,,,,,,,,,,,,,,,,,
,,,,,,,,,,,NN12 8NB,,,,,,,,,,,,,,,,,,,,,,,,,,,,,,,,
,,,,,,,,,,,NN15 5TS,,,,,,,,,,,,,,,,,,,,,,,,,,,,,,,,
,,,,,,,,,,,NN14 4XA,,,,,,,,,,,,,,,,,,,,,,,,,,,,,,,,
,,,,,,,,,,,NN8 5QS,,,,,,,,,,,,,,,,,,,,,,,,,,,,,,,,
,,,,,,,,,,,,,,,,,,,,,,,,,,,,,,,,,,,,,,,,,,,
,,,,,,,,,,,NN7 4sg,,,,,,,,,,,,,,,,,,,,,,,,,,,,,,,,
,,,,,,,,,,,nn189ax,,,,,,,,,,,,,,,,,,,,,,,,,,,,,,,,
,,,,,,,,,,,"NN72HS ",,,,,,,,,,,,,,,,,,,,,,,,,,,,,,,,
,,,,,,,,,,,"NN7 4SG ",,,,,,,,,,,,,,,,,,,,,,,,,,,,,,,,
,,,,,,,,,,,NN12 8DD,,,,,,,,,,,,,,,,,,,,,,,,,,,,,,,,
,,,,,,,,,,,NN12 6LT,,,,,,,,,,,,,,,,,,,,,,,,,,,,,,,,
,,,,,,,,,,,Nn126rp,,,,,,,,,,,,,,,,,,,,,,,,,,,,,,,,
,,,,,,,,,,,NN12 6RA,,,,,,,,,,,,,,,,,,,,,,,,,,,,,,,,
,,,,,,,,,,,,,,,,,,,,,,,,,,,,,,,,,,,,,,,,,,,
,,,,,,,,,,,"Nn171dd ",,,,,,,,,,,,,,,,,,,,,,,,,,,,,,,,
,,,,,,,,,,,NN12 8AB,,,,,,,,,,,,,,,,,,,,,,,,,,,,,,,,
,,,,,,,,,,,NN12 7AN,,,,,,,,,,,,,,,,,,,,,,,,,,,,,,,,
,,,,,,,,,,,NN1 5SD,,,,,,,,,,,,,,,,,,,,,,,,,,,,,,,,
,,,,,,,,,,,NN18 9DJ,,,,,,,,,,,,,,,,,,,,,,,,,,,,,,,,
,,,,,,,,,,,Nn171xp,,,,,,,,,,,,,,,,,,,,,,,,,,,,,,,,
,,,,,,,,,,,NN12 8JT,,,,,,,,,,,,,,,,,,,,,,,,,,,,,,,,
,,,,,,,,,,,NN12 6RP,,,,,,,,,,,,,,,,,,,,,,,,,,,,,,,,
,,,,,,,,,,,Nn5 5nt,,,,,,,,,,,,,,,,,,,,,,,,,,,,,,,,
,,,,,,,,,,,"Nn83pu ",,,,,,,,,,,,,,,,,,,,,,,,,,,,,,,,
,,,,,,,,,,,,,,,,,,,,,,,,,,,,,,,,,,,,,,,,,,,
,,,,,,,,,,,NN18 8RP,,,,,,,,,,,,,,,,,,,,,,,,,,,,,,,,
,,,,,,,,,,,Nn180bs,,,,,,,,,,,,,,,,,,,,,,,,,,,,,,,,
,,,,,,,,,,,Nn15eu,,,,,,,,,,,,,,,,,,,,,,,,,,,,,,,,
,,,,,,,,,,,"Nn17 1ad ",,,,,,,,,,,,,,,,,,,,,,,,,,,,,,,,
,,,,,,,,,,,Nn10 0dx,,,,,,,,,,,,,,,,,,,,,,,,,,,,,,,,
,,,,,,,,,,,"Nn297hf ",,,,,,,,,,,,,,,,,,,,,,,,,,,,,,,,
,,,,,,,,,,,nn15 5pb,,,,,,,,,,,,,,,,,,,,,,,,,,,,,,,,
,,,,,,,,,,,NN2 6JX,,,,,,,,,,,,,,,,,,,,,,,,,,,,,,,,
,,,,,,,,,,,,,,,,,,,,,,,,,,,,,,,,,,,,,,,,,,,
,,,,,,,,,,,"NN118AU ",,,,,,,,,,,,,,,,,,,,,,,,,,,,,,,,
,,,,,,,,,,,"NN7 2PD ",,,,,,,,,,,,,,,,,,,,,,,,,,,,,,,,
,,,,,,,,,,,,,,,,,,,,,,,,,,,,,,,,,,,,,,,,,,,
,,,,,,,,,,,"Nn188nw ",,,,,,,,,,,,,,,,,,,,,,,,,,,,,,,,
,,,,,,,,,,,,,,,,,,,,,,,,,,,,,,,,,,,,,,,,,,,
,,,,,,,,,,,Nn72ag,,,,,,,,,,,,,,,,,,,,,,,,,,,,,,,,
,,,,,,,,,,,NN14 1AL,,,,,,,,,,,,,,,,,,,,,,,,,,,,,,,,
,,,,,,,,,,,"Nn173hl ",,,,,,,,,,,,,,,,,,,,,,,,,,,,,,,,
,,,,,,,,,,,"NN96TT ",,,,,,,,,,,,,,,,,,,,,,,,,,,,,,,,
,,,,,,,,,,,,,,,,,,,,,,,,,,,,,,,,,,,,,,,,,,,
,,,,,,,,,,,,,,,,,,,,,,,,,,,,,,,,,,,,,,,,,,,
,,,,,,,,,,,Le16 8tg,,,,,,,,,,,,,,,,,,,,,,,,,,,,,,,,
,,,,,,,,,,,Nn46hs,,,,,,,,,,,,,,,,,,,,,,,,,,,,,,,,
,,,,,,,,,,,,,,,,,,,,,,,,,,,,,,,,,,,,,,,,,,,
,,,,,,,,,,,,,,,,,,,,,,,,,,,,,,,,,,,,,,,,,,,
,,,,,,,,,,,,,,,,,,,,,,,,,,,,,,,,,,,,,,,,,,,
,,,,,,,,,,,NN17 1er,,,,,,,,,,,,,,,,,,,,,,,,,,,,,,,,
,,,,,,,,,,,Nn18 8rw,,,,,,,,,,,,,,,,,,,,,,,,,,,,,,,,
,,,,,,,,,,,NN17 3JW,,,,,,,,,,,,,,,,,,,,,,,,,,,,,,,,
,,,,,,,,,,,Nn18 8gp,,,,,,,,,,,,,,,,,,,,,,,,,,,,,,,,
,,,,,,,,,,,,,,,,,,,,,,,,,,,,,,,,,,,,,,,,,,,
,,,,,,,,,,,NN5 7AQ,,,,,,,,,,,,,,,,,,,,,,,,,,,,,,,,
,,,,,,,,,,,,,,,,,,,,,,,,,,,,,,,,,,,,,,,,,,,
,,,,,,,,,,,"NN17 1RU ",,,,,,,,,,,,,,,,,,,,,,,,,,,,,,,,
,,,,,,,,,,,NN3 9ax,,,,,,,,,,,,,,,,,,,,,,,,,,,,,,,,
,,,,,,,,,,,"NN8 5AH ",,,,,,,,,,,,,,,,,,,,,,,,,,,,,,,,
,,,,,,,,,,,Nn172an,,,,,,,,,,,,,,,,,,,,,,,,,,,,,,,,
,,,,,,,,,,,"Nn189pf ",,,,,,,,,,,,,,,,,,,,,,,,,,,,,,,,
,,,,,,,,,,,"NN17 3NA ",,,,,,,,,,,,,,,,,,,,,,,,,,,,,,,,
,,,,,,,,,,,PE85SE,,,,,,,,,,,,,,,,,,,,,,,,,,,,,,,,
,,,,,,,,,,,,,,,,,,,,,,,,,,,,,,,,,,,,,,,,,,,
,,,,,,,,,,,nn4 7ap,,,,,,,,,,,,,,,,,,,,,,,,,,,,,,,,
,,,,,,,,,,,"NN18 9EP ",,,,,,,,,,,,,,,,,,,,,,,,,,,,,,,,
,,,,,,,,,,,NN17 1xr,,,,,,,,,,,,,,,,,,,,,,,,,,,,,,,,
,,,,,,,,,,,NN56EH,,,,,,,,,,,,,,,,,,,,,,,,,,,,,,,,
,,,,,,,,,,,Nn71je,,,,,,,,,,,,,,,,,,,,,,,,,,,,,,,,
,,,,,,,,,,,"NN171ET ",,,,,,,,,,,,,,,,,,,,,,,,,,,,,,,,
,,,,,,,,,,,"NN17 2GD ",,,,,,,,,,,,,,,,,,,,,,,,,,,,,,,,
,,,,,,,,,,,Cv23 8un,,,,,,,,,,,,,,,,,,,,,,,,,,,,,,,,
,,,,,,,,,,,Nn18 0rg,,,,,,,,,,,,,,,,,,,,,,,,,,,,,,,,
,,,,,,,,,,,,,,,,,,,,,,,,,,,,,,,,,,,,,,,,,,,
,,,,,,,,,,,Nn18 8eh,,,,,,,,,,,,,,,,,,,,,,,,,,,,,,,,
,,,,,,,,,,,"NN45BU ",,,,,,,,,,,,,,,,,,,,,,,,,,,,,,,,
,,,,,,,,,,,"NN171LF ",,,,,,,,,,,,,,,,,,,,,,,,,,,,,,,,
,,,,,,,,,,,Nn18 8HH,,,,,,,,,,,,,,,,,,,,,,,,,,,,,,,,
,,,,,,,,,,,"nn9 6jr ",,,,,,,,,,,,,,,,,,,,,,,,,,,,,,,,
,,,,,,,,,,,Nn189aj,,,,,,,,,,,,,,,,,,,,,,,,,,,,,,,,
,,,,,,,,,,,,,,,,,,,,,,,,,,,,,,,,,,,,,,,,,,,
,,,,,,,,,,,"Nn12 8db ",,,,,,,,,,,,,,,,,,,,,,,,,,,,,,,,
,,,,,,,,,,,NN83JA,,,,,,,,,,,,,,,,,,,,,,,,,,,,,,,,
,,,,,,,,,,,"NN171LB ",,,,,,,,,,,,,,,,,,,,,,,,,,,,,,,,
,,,,,,,,,,,NN4 8EA,,,,,,,,,,,,,,,,,,,,,,,,,,,,,,,,
,,,,,,,,,,,"NN17 2YF ",,,,,,,,,,,,,,,,,,,,,,,,,,,,,,,,
,,,,,,,,,,,NN12 6JL,,,,,,,,,,,,,,,,,,,,,,,,,,,,,,,,
,,,,,,,,,,,"Nn144PY ",,,,,,,,,,,,,,,,,,,,,,,,,,,,,,,,
,,,,,,,,,,,,,,,,,,,,,,,,,,,,,,,,,,,,,,,,,,,
,,,,,,,,,,,Nn3 5hd,,,,,,,,,,,,,,,,,,,,,,,,,,,,,,,,
,,,,,,,,,,,"Nn17 2hr ",,,,,,,,,,,,,,,,,,,,,,,,,,,,,,,,
,,,,,,,,,,,NN18 8NQ,,,,,,,,,,,,,,,,,,,,,,,,,,,,,,,,
,,,,,,,,,,,NN2 8BL,,,,,,,,,,,,,,,,,,,,,,,,,,,,,,,,
,,,,,,,,,,,"Nn17 2bw ",,,,,,,,,,,,,,,,,,,,,,,,,,,,,,,,
,,,,,,,,,,,Nn171lf,,,,,,,,,,,,,,,,,,,,,,,,,,,,,,,,
,,,,,,,,,,,CV23 8UN,,,,,,,,,,,,,,,,,,,,,,,,,,,,,,,,
,,,,,,,,,,,nn6 7xb,,,,,,,,,,,,,,,,,,,,,,,,,,,,,,,,
,,,,,,,,,,,,,,,,,,,,,,,,,,,,,,,,,,,,,,,,,,,
,,,,,,,,,,,"NN12 6HA ",,,,,,,,,,,,,,,,,,,,,,,,,,,,,,,,
,,,,,,,,,,,NN14 4RP,,,,,,,,,,,,,,,,,,,,,,,,,,,,,,,,
,,,,,,,,,,,,,,,,,,,,,,,,,,,,,,,,,,,,,,,,,,,
,,,,,,,,,,,"Nn17 2af ",,,,,,,,,,,,,,,,,,,,,,,,,,,,,,,,
,,,,,,,,,,,NN2 8UJ,,,,,,,,,,,,,,,,,,,,,,,,,,,,,,,,
,,,,,,,,,,,Nn126jy,,,,,,,,,,,,,,,,,,,,,,,,,,,,,,,,
,,,,,,,,,,,,,,,,,,,,,,,,,,,,,,,,,,,,,,,,,,,
,,,,,,,,,,,Nn3 3sa,,,,,,,,,,,,,,,,,,,,,,,,,,,,,,,,
,,,,,,,,,,,,,,,,,,,,,,,,,,,,,,,,,,,,,,,,,,,
,,,,,,,,,,,,,,,,,,,,,,,,,,,,,,,,,,,,,,,,,,,
,,,,,,,,,,,Nn114de,,,,,,,,,,,,,,,,,,,,,,,,,,,,,,,,
,,,,,,,,,,,Nn17 3lx,,,,,,,,,,,,,,,,,,,,,,,,,,,,,,,,
,,,,,,,,,,,NN4 6FB,,,,,,,,,,,,,,,,,,,,,,,,,,,,,,,,
,,,,,,,,,,,NN3 6EE,,,,,,,,,,,,,,,,,,,,,,,,,,,,,,,,
,,,,,,,,,,,"PE8 5tw ",,,,,,,,,,,,,,,,,,,,,,,,,,,,,,,,
,,,,,,,,,,,"Nn12 8xa ",,,,,,,,,,,,,,,,,,,,,,,,,,,,,,,,
,,,,,,,,,,,nn17 2je,,,,,,,,,,,,,,,,,,,,,,,,,,,,,,,,
,,,,,,,,,,,NN13 5HG,,,,,,,,,,,,,,,,,,,,,,,,,,,,,,,,
,,,,,,,,,,,nn48by,,,,,,,,,,,,,,,,,,,,,,,,,,,,,,,,
,,,,,,,,,,,NN6 8AT,,,,,,,,,,,,,,,,,,,,,,,,,,,,,,,,
,,,,,,,,,,,,,,,,,,,,,,,,,,,,,,,,,,,,,,,,,,,
,,,,,,,,,,,NN4 8EA,,,,,,,,,,,,,,,,,,,,,,,,,,,,,,,,
,,,,,,,,,,,NN15 6GY,,,,,,,,,,,,,,,,,,,,,,,,,,,,,,,,
,,,,,,,,,,,,,,,,,,,,,,,,,,,,,,,,,,,,,,,,,,,
,,,,,,,,,,,nn16 9ja,,,,,,,,,,,,,,,,,,,,,,,,,,,,,,,,
,,,,,,,,,,,NN2 8PT,,,,,,,,,,,,,,,,,,,,,,,,,,,,,,,,
,,,,,,,,,,,"NN14 4XQ ",,,,,,,,,,,,,,,,,,,,,,,,,,,,,,,,
,,,,,,,,,,,,,,,,,,,,,,,,,,,,,,,,,,,,,,,,,,,
,,,,,,,,,,,,,,,,,,,,,,,,,,,,,,,,,,,,,,,,,,,
,,,,,,,,,,,NN11 3YS,,,,,,,,,,,,,,,,,,,,,,,,,,,,,,,,
,,,,,,,,,,,"NN7 2De ",,,,,,,,,,,,,,,,,,,,,,,,,,,,,,,,
,,,,,,,,,,,nn2 7ta,,,,,,,,,,,,,,,,,,,,,,,,,,,,,,,,
,,,,,,,,,,,nn7 1ed,,,,,,,,,,,,,,,,,,,,,,,,,,,,,,,,
,,,,,,,,,,,NN136NH,,,,,,,,,,,,,,,,,,,,,,,,,,,,,,,,
,,,,,,,,,,,NN37dh,,,,,,,,,,,,,,,,,,,,,,,,,,,,,,,,
,,,,,,,,,,,"NN82JY ",,,,,,,,,,,,,,,,,,,,,,,,,,,,,,,,
,,,,,,,,,,,nn48pe,,,,,,,,,,,,,,,,,,,,,,,,,,,,,,,,
,,,,,,,,,,,"Nn113zd ",,,,,,,,,,,,,,,,,,,,,,,,,,,,,,,,
,,,,,,,,,,,Nn28ds,,,,,,,,,,,,,,,,,,,,,,,,,,,,,,,,
,,,,,,,,,,,,,,,,,,,,,,,,,,,,,,,,,,,,,,,,,,,
,,,,,,,,,,,Nn56ux,,,,,,,,,,,,,,,,,,,,,,,,,,,,,,,,
,,,,,,,,,,,,,,,,,,,,,,,,,,,,,,,,,,,,,,,,,,,
,,,,,,,,,,,"NN113YY ",,,,,,,,,,,,,,,,,,,,,,,,,,,,,,,,
,,,,,,,,,,,NN1 5BX,,,,,,,,,,,,,,,,,,,,,,,,,,,,,,,,
,,,,,,,,,,,NN11 3YT,,,,,,,,,,,,,,,,,,,,,,,,,,,,,,,,
,,,,,,,,,,,NN8 3JB,,,,,,,,,,,,,,,,,,,,,,,,,,,,,,,,
,,,,,,,,,,,"NN109XA ",,,,,,,,,,,,,,,,,,,,,,,,,,,,,,,,
,,,,,,,,,,,"Nn136hs ",,,,,,,,,,,,,,,,,,,,,,,,,,,,,,,,
,,,,,,,,,,,NN12 8LT,,,,,,,,,,,,,,,,,,,,,,,,,,,,,,,,
,,,,,,,,,,,NN3 3AD,,,,,,,,,,,,,,,,,,,,,,,,,,,,,,,,
,,,,,,,,,,,,,,,,,,,,,,,,,,,,,,,,,,,,,,,,,,,
,,,,,,,,,,,nn128xf,,,,,,,,,,,,,,,,,,,,,,,,,,,,,,,,
,,,,,,,,,,,"OX17 2sg ",,,,,,,,,,,,,,,,,,,,,,,,,,,,,,,,
,,,,,,,,,,,Nn7 2nw,,,,,,,,,,,,,,,,,,,,,,,,,,,,,,,,
,,,,,,,,,,,,,,,,,,,,,,,,,,,,,,,,,,,,,,,,,,,
,,,,,,,,,,,NN83XS,,,,,,,,,,,,,,,,,,,,,,,,,,,,,,,,
,,,,,,,,,,,NN15 6BX,,,,,,,,,,,,,,,,,,,,,,,,,,,,,,,,
,,,,,,,,,,,Nn4 9es,,,,,,,,,,,,,,,,,,,,,,,,,,,,,,,,
,,,,,,,,,,,,,,,,,,,,,,,,,,,,,,,,,,,,,,,,,,,
,,,,,,,,,,,"Nn155er ",,,,,,,,,,,,,,,,,,,,,,,,,,,,,,,,
,,,,,,,,,,,NN15 5BH,,,,,,,,,,,,,,,,,,,,,,,,,,,,,,,,
,,,,,,,,,,,,,,,,,,,,,,,,,,,,,,,,,,,,,,,,,,,
,,,,,,,,,,,NN155ej,,,,,,,,,,,,,,,,,,,,,,,,,,,,,,,,
,,,,,,,,,,,NN4 9EH,,,,,,,,,,,,,,,,,,,,,,,,,,,,,,,,
,,,,,,,,,,,NN8 3HY,,,,,,,,,,,,,,,,,,,,,,,,,,,,,,,,
,,,,,,,,,,,,,,,,,,,,,,,,,,,,,,,,,,,,,,,,,,,
,,,,,,,,,,,NN4 5BF,,,,,,,,,,,,,,,,,,,,,,,,,,,,,,,,
,,,,,,,,,,,"nn11 6dn ",,,,,,,,,,,,,,,,,,,,,,,,,,,,,,,,
,,,,,,,,,,,"NN14 4FD ",,,,,,,,,,,,,,,,,,,,,,,,,,,,,,,,
,,,,,,,,,,,NN7 2HE,,,,,,,,,,,,,,,,,,,,,,,,,,,,,,,,
,,,,,,,,,,,NN3 6AL,,,,,,,,,,,,,,,,,,,,,,,,,,,,,,,,
,,,,,,,,,,,NN4 6BJ,,,,,,,,,,,,,,,,,,,,,,,,,,,,,,,,
,,,,,,,,,,,,,,,,,,,,,,,,,,,,,,,,,,,,,,,,,,,
,,,,,,,,,,,NN16 8UR,,,,,,,,,,,,,,,,,,,,,,,,,,,,,,,,
,,,,,,,,,,,Nn4 6uy,,,,,,,,,,,,,,,,,,,,,,,,,,,,,,,,
,,,,,,,,,,,Pe8 4dp,,,,,,,,,,,,,,,,,,,,,,,,,,,,,,,,
,,,,,,,,,,,NN10 0LH,,,,,,,,,,,,,,,,,,,,,,,,,,,,,,,,
,,,,,,,,,,,"Nn168LS ",,,,,,,,,,,,,,,,,,,,,,,,,,,,,,,,
,,,,,,,,,,,NN7 4HR,,,,,,,,,,,,,,,,,,,,,,,,,,,,,,,,
,,,,,,,,,,,NN142JZ,,,,,,,,,,,,,,,,,,,,,,,,,,,,,,,,
,,,,,,,,,,,Nn7 4eh,,,,,,,,,,,,,,,,,,,,,,,,,,,,,,,,
,,,,,,,,,,,"NN15 6DY ",,,,,,,,,,,,,,,,,,,,,,,,,,,,,,,,
,,,,,,,,,,,NN6 0JR,,,,,,,,,,,,,,,,,,,,,,,,,,,,,,,,
,,,,,,,,,,,,,,,,,,,,,,,,,,,,,,,,,,,,,,,,,,,
,,,,,,,,,,,,,,,,,,,,,,,,,,,,,,,,,,,,,,,,,,,
,,,,,,,,,,,,,,,,,,,,,,,,,,,,,,,,,,,,,,,,,,,
,,,,,,,,,,,NN4 9YG,,,,,,,,,,,,,,,,,,,,,,,,,,,,,,,,
,,,,,,,,,,,"Nn169ns ",,,,,,,,,,,,,,,,,,,,,,,,,,,,,,,,
,,,,,,,,,,,,,,,,,,,,,,,,,,,,,,,,,,,,,,,,,,,
,,,,,,,,,,,NN6 8NJ,,,,,,,,,,,,,,,,,,,,,,,,,,,,,,,,
,,,,,,,,,,,nn3 7qu,,,,,,,,,,,,,,,,,,,,,,,,,,,,,,,,
,,,,,,,,,,,NN14 4rg,,,,,,,,,,,,,,,,,,,,,,,,,,,,,,,,
,,,,,,,,,,,NN1 5EJ,,,,,,,,,,,,,,,,,,,,,,,,,,,,,,,,
,,,,,,,,,,,NN4 6FR,,,,,,,,,,,,,,,,,,,,,,,,,,,,,,,,
,,,,,,,,,,,"NN11 8TB ",,,,,,,,,,,,,,,,,,,,,,,,,,,,,,,,
,,,,,,,,,,,NN9 5ET,,,,,,,,,,,,,,,,,,,,,,,,,,,,,,,,
,,,,,,,,,,,NN4 9XN,,,,,,,,,,,,,,,,,,,,,,,,,,,,,,,,
,,,,,,,,,,,NN54WN,,,,,,,,,,,,,,,,,,,,,,,,,,,,,,,,
,,,,,,,,,,,NN13 6BQ,,,,,,,,,,,,,,,,,,,,,,,,,,,,,,,,
,,,,,,,,,,,,,,,,,,,,,,,,,,,,,,,,,,,,,,,,,,,
,,,,,,,,,,,nn4 6bj,,,,,,,,,,,,,,,,,,,,,,,,,,,,,,,,
,,,,,,,,,,,NN5 6we,,,,,,,,,,,,,,,,,,,,,,,,,,,,,,,,
,,,,,,,,,,,NN71lz,,,,,,,,,,,,,,,,,,,,,,,,,,,,,,,,
,,,,,,,,,,,"NN4 9ER ",,,,,,,,,,,,,,,,,,,,,,,,,,,,,,,,
,,,,,,,,,,,NN8 2PZ,,,,,,,,,,,,,,,,,,,,,,,,,,,,,,,,
,,,,,,,,,,,NN4 6AG,,,,,,,,,,,,,,,,,,,,,,,,,,,,,,,,
,,,,,,,,,,,,,,,,,,,,,,,,,,,,,,,,,,,,,,,,,,,
,,,,,,,,,,,,,,,,,,,,,,,,,,,,,,,,,,,,,,,,,,,
,,,,,,,,,,,NN5 6WQ,,,,,,,,,,,,,,,,,,,,,,,,,,,,,,,,
,,,,,,,,,,,nn5 5eb,,,,,,,,,,,,,,,,,,,,,,,,,,,,,,,,
,,,,,,,,,,,,,,,,,,,,,,,,,,,,,,,,,,,,,,,,,,,
,,,,,,,,,,,NN11 3BL,,,,,,,,,,,,,,,,,,,,,,,,,,,,,,,,
,,,,,,,,,,,,,,,,,,,,,,,,,,,,,,,,,,,,,,,,,,,
,,,,,,,,,,,NN15 5bw,,,,,,,,,,,,,,,,,,,,,,,,,,,,,,,,
,,,,,,,,,,,Nn12sq,,,,,,,,,,,,,,,,,,,,,,,,,,,,,,,,
,,,,,,,,,,,,,,,,,,,,,,,,,,,,,,,,,,,,,,,,,,,
,,,,,,,,,,,,,,,,,,,,,,,,,,,,,,,,,,,,,,,,,,,
,,,,,,,,,,,NN3 2DJ,,,,,,,,,,,,,,,,,,,,,,,,,,,,,,,,
,,,,,,,,,,,NN5 4WA,,,,,,,,,,,,,,,,,,,,,,,,,,,,,,,,
,,,,,,,,,,,"NN126UQ ",,,,,,,,,,,,,,,,,,,,,,,,,,,,,,,,
,,,,,,,,,,,Nn117ja,,,,,,,,,,,,,,,,,,,,,,,,,,,,,,,,
,,,,,,,,,,,CV23 8UN,,,,,,,,,,,,,,,,,,,,,,,,,,,,,,,,
,,,,,,,,,,,NN15 5JB,,,,,,,,,,,,,,,,,,,,,,,,,,,,,,,,
,,,,,,,,,,,Nn55nl,,,,,,,,,,,,,,,,,,,,,,,,,,,,,,,,
,,,,,,,,,,,NN8 4GB,,,,,,,,,,,,,,,,,,,,,,,,,,,,,,,,
,,,,,,,,,,,,,,,,,,,,,,,,,,,,,,,,,,,,,,,,,,,
,,,,,,,,,,,CV23 8UN,,,,,,,,,,,,,,,,,,,,,,,,,,,,,,,,
,,,,,,,,,,,"Nn155pf ",,,,,,,,,,,,,,,,,,,,,,,,,,,,,,,,
,,,,,,,,,,,,,,,,,,,,,,,,,,,,,,,,,,,,,,,,,,,
,,,,,,,,,,,NN119BJ,,,,,,,,,,,,,,,,,,,,,,,,,,,,,,,,
,,,,,,,,,,,Nn1 5ry,,,,,,,,,,,,,,,,,,,,,,,,,,,,,,,,
,,,,,,,,,,,"Nn14 4rs ",,,,,,,,,,,,,,,,,,,,,,,,,,,,,,,,
,,,,,,,,,,,"Nn157ds ",,,,,,,,,,,,,,,,,,,,,,,,,,,,,,,,
,,,,,,,,,,,NN114HH,,,,,,,,,,,,,,,,,,,,,,,,,,,,,,,,
,,,,,,,,,,,NN5 6LY,,,,,,,,,,,,,,,,,,,,,,,,,,,,,,,,
,,,,,,,,,,,NN8 1NT,,,,,,,,,,,,,,,,,,,,,,,,,,,,,,,,
,,,,,,,,,,,,,,,,,,,,,,,,,,,,,,,,,,,,,,,,,,,
,,,,,,,,,,,Nn4 8lj,,,,,,,,,,,,,,,,,,,,,,,,,,,,,,,,
,,,,,,,,,,,Nn3 8xb,,,,,,,,,,,,,,,,,,,,,,,,,,,,,,,,
,,,,,,,,,,,,,,,,,,,,,,,,,,,,,,,,,,,,,,,,,,,
,,,,,,,,,,,"NN7 3QS ",,,,,,,,,,,,,,,,,,,,,,,,,,,,,,,,
,,,,,,,,,,,"NN48LE ",,,,,,,,,,,,,,,,,,,,,,,,,,,,,,,,
,,,,,,,,,,,"Nn100js ",,,,,,,,,,,,,,,,,,,,,,,,,,,,,,,,
,,,,,,,,,,,NN14 4XF,,,,,,,,,,,,,,,,,,,,,,,,,,,,,,,,
,,,,,,,,,,,pe8 4ep,,,,,,,,,,,,,,,,,,,,,,,,,,,,,,,,
,,,,,,,,,,,nn10 0zd,,,,,,,,,,,,,,,,,,,,,,,,,,,,,,,,
,,,,,,,,,,,,,,,,,,,,,,,,,,,,,,,,,,,,,,,,,,,
,,,,,,,,,,,NN14 6JL,,,,,,,,,,,,,,,,,,,,,,,,,,,,,,,,
,,,,,,,,,,,,,,,,,,,,,,,,,,,,,,,,,,,,,,,,,,,
,,,,,,,,,,,NN1 3PZ,,,,,,,,,,,,,,,,,,,,,,,,,,,,,,,,
,,,,,,,,,,,NN18 8GJ,,,,,,,,,,,,,,,,,,,,,,,,,,,,,,,,
,,,,,,,,,,,,,,,,,,,,,,,,,,,,,,,,,,,,,,,,,,,
,,,,,,,,,,,"NN28RG ",,,,,,,,,,,,,,,,,,,,,,,,,,,,,,,,
,,,,,,,,,,,,,,,,,,,,,,,,,,,,,,,,,,,,,,,,,,,
,,,,,,,,,,,Nn10 9bx,,,,,,,,,,,,,,,,,,,,,,,,,,,,,,,,
,,,,,,,,,,,NN14 1AT,,,,,,,,,,,,,,,,,,,,,,,,,,,,,,,,
,,,,,,,,,,,,,,,,,,,,,,,,,,,,,,,,,,,,,,,,,,,
,,,,,,,,,,,"NN3 5EG ",,,,,,,,,,,,,,,,,,,,,,,,,,,,,,,,
,,,,,,,,,,,"NN14 4US ",,,,,,,,,,,,,,,,,,,,,,,,,,,,,,,,
,,,,,,,,,,,NN3 9DN,,,,,,,,,,,,,,,,,,,,,,,,,,,,,,,,
,,,,,,,,,,,NN1 4TH,,,,,,,,,,,,,,,,,,,,,,,,,,,,,,,,
,,,,,,,,,,,nn3 8db,,,,,,,,,,,,,,,,,,,,,,,,,,,,,,,,
,,,,,,,,,,,,,,,,,,,,,,,,,,,,,,,,,,,,,,,,,,,
,,,,,,,,,,,Nn127aw,,,,,,,,,,,,,,,,,,,,,,,,,,,,,,,,
,,,,,,,,,,,"Nn7 3ez ",,,,,,,,,,,,,,,,,,,,,,,,,,,,,,,,
,,,,,,,,,,,,,,,,,,,,,,,,,,,,,,,,,,,,,,,,,,,
,,,,,,,,,,,,,,,,,,,,,,,,,,,,,,,,,,,,,,,,,,,
,,,,,,,,,,,NN15 5Et,,,,,,,,,,,,,,,,,,,,,,,,,,,,,,,,
,,,,,,,,,,,NN4 8ST,,,,,,,,,,,,,,,,,,,,,,,,,,,,,,,,
,,,,,,,,,,,NN2 7TL,,,,,,,,,,,,,,,,,,,,,,,,,,,,,,,,
,,,,,,,,,,,,,,,,,,,,,,,,,,,,,,,,,,,,,,,,,,,
,,,,,,,,,,,NN15 6FH,,,,,,,,,,,,,,,,,,,,,,,,,,,,,,,,
,,,,,,,,,,,,,,,,,,,,,,,,,,,,,,,,,,,,,,,,,,,
,,,,,,,,,,,,,,,,,,,,,,,,,,,,,,,,,,,,,,,,,,,
,,,,,,,,,,,NN180EP,,,,,,,,,,,,,,,,,,,,,,,,,,,,,,,,
,,,,,,,,,,,NN16 9JS,,,,,,,,,,,,,,,,,,,,,,,,,,,,,,,,
,,,,,,,,,,,NN16 0HU,,,,,,,,,,,,,,,,,,,,,,,,,,,,,,,,
,,,,,,,,,,,NN3 5EG,,,,,,,,,,,,,,,,,,,,,,,,,,,,,,,,
,,,,,,,,,,,Nn3 3be,,,,,,,,,,,,,,,,,,,,,,,,,,,,,,,,
,,,,,,,,,,,NN6 9GL,,,,,,,,,,,,,,,,,,,,,,,,,,,,,,,,
,,,,,,,,,,,,,,,,,,,,,,,,,,,,,,,,,,,,,,,,,,,
,,,,,,,,,,,nn3 3be,,,,,,,,,,,,,,,,,,,,,,,,,,,,,,,,
,,,,,,,,,,,nn48rz,,,,,,,,,,,,,,,,,,,,,,,,,,,,,,,,
,,,,,,,,,,,"nn8 3ls ",,,,,,,,,,,,,,,,,,,,,,,,,,,,,,,,
,,,,,,,,,,,NN2 8PH,,,,,,,,,,,,,,,,,,,,,,,,,,,,,,,,
,,,,,,,,,,,NN155FB,,,,,,,,,,,,,,,,,,,,,,,,,,,,,,,,
,,,,,,,,,,,,,,,,,,,,,,,,,,,,,,,,,,,,,,,,,,,
,,,,,,,,,,,Nn114gz,,,,,,,,,,,,,,,,,,,,,,,,,,,,,,,,
,,,,,,,,,,,Nn4 9ye,,,,,,,,,,,,,,,,,,,,,,,,,,,,,,,,
,,,,,,,,,,,Nn9 6tf,,,,,,,,,,,,,,,,,,,,,,,,,,,,,,,,
,,,,,,,,,,,"Nn114hr ",,,,,,,,,,,,,,,,,,,,,,,,,,,,,,,,
,,,,,,,,,,,"Nn38ps ",,,,,,,,,,,,,,,,,,,,,,,,,,,,,,,,
,,,,,,,,,,,NN14 1EE,,,,,,,,,,,,,,,,,,,,,,,,,,,,,,,,
,,,,,,,,,,,,,,,,,,,,,,,,,,,,,,,,,,,,,,,,,,,
,,,,,,,,,,,"NN141GP ",,,,,,,,,,,,,,,,,,,,,,,,,,,,,,,,
,,,,,,,,,,,NN12 6RB,,,,,,,,,,,,,,,,,,,,,,,,,,,,,,,,
,,,,,,,,,,,NN12 6LU,,,,,,,,,,,,,,,,,,,,,,,,,,,,,,,,
,,,,,,,,,,,,,,,,,,,,,,,,,,,,,,,,,,,,,,,,,,,
,,,,,,,,,,,NN2 8DL,,,,,,,,,,,,,,,,,,,,,,,,,,,,,,,,
,,,,,,,,,,,NN54AY,,,,,,,,,,,,,,,,,,,,,,,,,,,,,,,,
,,,,,,,,,,,NN7 3BA,,,,,,,,,,,,,,,,,,,,,,,,,,,,,,,,
,,,,,,,,,,,"NN146LF ",,,,,,,,,,,,,,,,,,,,,,,,,,,,,,,,
,,,,,,,,,,,,,,,,,,,,,,,,,,,,,,,,,,,,,,,,,,,
,,,,,,,,,,,NN9 5AF,,,,,,,,,,,,,,,,,,,,,,,,,,,,,,,,
,,,,,,,,,,,NN4 0WJ,,,,,,,,,,,,,,,,,,,,,,,,,,,,,,,,
,,,,,,,,,,,Nn2 7sw,,,,,,,,,,,,,,,,,,,,,,,,,,,,,,,,
,,,,,,,,,,,Nn114ln,,,,,,,,,,,,,,,,,,,,,,,,,,,,,,,,
,,,,,,,,,,,"Nn127ax ",,,,,,,,,,,,,,,,,,,,,,,,,,,,,,,,
,,,,,,,,,,,"Nn18 8dh ",,,,,,,,,,,,,,,,,,,,,,,,,,,,,,,,
,,,,,,,,,,,,,,,,,,,,,,,,,,,,,,,,,,,,,,,,,,,
,,,,,,,,,,,NN11 0gs,,,,,,,,,,,,,,,,,,,,,,,,,,,,,,,,
,,,,,,,,,,,,,,,,,,,,,,,,,,,,,,,,,,,,,,,,,,,
,,,,,,,,,,,,,,,,,,,,,,,,,,,,,,,,,,,,,,,,,,,
,,,,,,,,,,,NN8 4GB,,,,,,,,,,,,,,,,,,,,,,,,,,,,,,,,
,,,,,,,,,,,"Nn114qu ",,,,,,,,,,,,,,,,,,,,,,,,,,,,,,,,
,,,,,,,,,,,,,,,,,,,,,,,,,,,,,,,,,,,,,,,,,,,
,,,,,,,,,,,"Nn156tg ",,,,,,,,,,,,,,,,,,,,,,,,,,,,,,,,
,,,,,,,,,,,NN5 7TZ,,,,,,,,,,,,,,,,,,,,,,,,,,,,,,,,
,,,,,,,,,,,,,,,,,,,,,,,,,,,,,,,,,,,,,,,,,,,
,,,,,,,,,,,NN15 5at,,,,,,,,,,,,,,,,,,,,,,,,,,,,,,,,
,,,,,,,,,,,Nn49dp,,,,,,,,,,,,,,,,,,,,,,,,,,,,,,,,
,,,,,,,,,,,nn11 0rw,,,,,,,,,,,,,,,,,,,,,,,,,,,,,,,,
,,,,,,,,,,,,,,,,,,,,,,,,,,,,,,,,,,,,,,,,,,,
,,,,,,,,,,,NN14 1GY,,,,,,,,,,,,,,,,,,,,,,,,,,,,,,,,
,,,,,,,,,,,"Nn37qe ",,,,,,,,,,,,,,,,,,,,,,,,,,,,,,,,
,,,,,,,,,,,LE16 8LA,,,,,,,,,,,,,,,,,,,,,,,,,,,,,,,,
,,,,,,,,,,,,,,,,,,,,,,,,,,,,,,,,,,,,,,,,,,,
,,,,,,,,,,,"NN9 5YX ",,,,,,,,,,,,,,,,,,,,,,,,,,,,,,,,
,,,,,,,,,,,,,,,,,,,,,,,,,,,,,,,,,,,,,,,,,,,
,,,,,,,,,,,NN49yw,,,,,,,,,,,,,,,,,,,,,,,,,,,,,,,,
,,,,,,,,,,,,,,,,,,,,,,,,,,,,,,,,,,,,,,,,,,,
,,,,,,,,,,,NN4 6DB,,,,,,,,,,,,,,,,,,,,,,,,,,,,,,,,
,,,,,,,,,,,,,,,,,,,,,,,,,,,,,,,,,,,,,,,,,,,
,,,,,,,,,,,NN6 9DY,,,,,,,,,,,,,,,,,,,,,,,,,,,,,,,,
,,,,,,,,,,,Nn8 3pl,,,,,,,,,,,,,,,,,,,,,,,,,,,,,,,,
,,,,,,,,,,,Nn6 7rh,,,,,,,,,,,,,,,,,,,,,,,,,,,,,,,,
,,,,,,,,,,,"CV21 2EW ",,,,,,,,,,,,,,,,,,,,,,,,,,,,,,,,
,,,,,,,,,,,,,,,,,,,,,,,,,,,,,,,,,,,,,,,,,,,
,,,,,,,,,,,NN4 8RE,,,,,,,,,,,,,,,,,,,,,,,,,,,,,,,,
,,,,,,,,,,,nn118ss,,,,,,,,,,,,,,,,,,,,,,,,,,,,,,,,
,,,,,,,,,,,,,,,,,,,,,,,,,,,,,,,,,,,,,,,,,,,
,,,,,,,,,,,NN2 7DR,,,,,,,,,,,,,,,,,,,,,,,,,,,,,,,,
,,,,,,,,,,,NN15 6UA,,,,,,,,,,,,,,,,,,,,,,,,,,,,,,,,
,,,,,,,,,,,"NN82PR ",,,,,,,,,,,,,,,,,,,,,,,,,,,,,,,,
,,,,,,,,,,,nn4 6aq,,,,,,,,,,,,,,,,,,,,,,,,,,,,,,,,
,,,,,,,,,,,,,,,,,,,,,,,,,,,,,,,,,,,,,,,,,,,
,,,,,,,,,,,PE8 4FG,,,,,,,,,,,,,,,,,,,,,,,,,,,,,,,,
,,,,,,,,,,,,,,,,,,,,,,,,,,,,,,,,,,,,,,,,,,,
,,,,,,,,,,,Nn114as,,,,,,,,,,,,,,,,,,,,,,,,,,,,,,,,
,,,,,,,,,,,,,,,,,,,,,,,,,,,,,,,,,,,,,,,,,,,
,,,,,,,,,,,Nn16 9EH,,,,,,,,,,,,,,,,,,,,,,,,,,,,,,,,
,,,,,,,,,,,Nn4 9xs,,,,,,,,,,,,,,,,,,,,,,,,,,,,,,,,
,,,,,,,,,,,,,,,,,,,,,,,,,,,,,,,,,,,,,,,,,,,
,,,,,,,,,,,"nn10 9fn ",,,,,,,,,,,,,,,,,,,,,,,,,,,,,,,,
,,,,,,,,,,,"Nn38uf ",,,,,,,,,,,,,,,,,,,,,,,,,,,,,,,,
,,,,,,,,,,,NN10 0az,,,,,,,,,,,,,,,,,,,,,,,,,,,,,,,,
,,,,,,,,,,,NN3 9BP,,,,,,,,,,,,,,,,,,,,,,,,,,,,,,,,
,,,,,,,,,,,"NN4 5BG ",,,,,,,,,,,,,,,,,,,,,,,,,,,,,,,,
,,,,,,,,,,,NN157QQ,,,,,,,,,,,,,,,,,,,,,,,,,,,,,,,,
,,,,,,,,,,,,,,,,,,,,,,,,,,,,,,,,,,,,,,,,,,,
,,,,,,,,,,,nn9 5bj,,,,,,,,,,,,,,,,,,,,,,,,,,,,,,,,
,,,,,,,,,,,Nn5 7eh,,,,,,,,,,,,,,,,,,,,,,,,,,,,,,,,
,,,,,,,,,,,,,,,,,,,,,,,,,,,,,,,,,,,,,,,,,,,
,,,,,,,,,,,NN15 5QY,,,,,,,,,,,,,,,,,,,,,,,,,,,,,,,,
,,,,,,,,,,,NN7 4TG,,,,,,,,,,,,,,,,,,,,,,,,,,,,,,,,
,,,,,,,,,,,NN4 5BG,,,,,,,,,,,,,,,,,,,,,,,,,,,,,,,,
,,,,,,,,,,,,,,,,,,,,,,,,,,,,,,,,,,,,,,,,,,,
,,,,,,,,,,,,,,,,,,,,,,,,,,,,,,,,,,,,,,,,,,,
,,,,,,,,,,,nn3 7lb,,,,,,,,,,,,,,,,,,,,,,,,,,,,,,,,
,,,,,,,,,,,NN3 3DX,,,,,,,,,,,,,,,,,,,,,,,,,,,,,,,,
,,,,,,,,,,,NN46RX,,,,,,,,,,,,,,,,,,,,,,,,,,,,,,,,
,,,,,,,,,,,,,,,,,,,,,,,,,,,,,,,,,,,,,,,,,,,
,,,,,,,,,,,,,,,,,,,,,,,,,,,,,,,,,,,,,,,,,,,
,,,,,,,,,,,,,,,,,,,,,,,,,,,,,,,,,,,,,,,,,,,
,,,,,,,,,,,Nn27qz,,,,,,,,,,,,,,,,,,,,,,,,,,,,,,,,
,,,,,,,,,,,CV23 0SX,,,,,,,,,,,,,,,,,,,,,,,,,,,,,,,,
,,,,,,,,,,,,,,,,,,,,,,,,,,,,,,,,,,,,,,,,,,,
,,,,,,,,,,,,,,,,,,,,,,,,,,,,,,,,,,,,,,,,,,,
,,,,,,,,,,,NN7 3LP,,,,,,,,,,,,,,,,,,,,,,,,,,,,,,,,
,,,,,,,,,,,,,,,,,,,,,,,,,,,,,,,,,,,,,,,,,,,
,,,,,,,,,,,NN15 6fy,,,,,,,,,,,,,,,,,,,,,,,,,,,,,,,,
,,,,,,,,,,,nn3 6lz,,,,,,,,,,,,,,,,,,,,,,,,,,,,,,,,
,,,,,,,,,,,"Nn28nj ",,,,,,,,,,,,,,,,,,,,,,,,,,,,,,,,
,,,,,,,,,,,NN1 4TQ,,,,,,,,,,,,,,,,,,,,,,,,,,,,,,,,
,,,,,,,,,,,PE8 4DH,,,,,,,,,,,,,,,,,,,,,,,,,,,,,,,,
,,,,,,,,,,,PE8 4JQ,,,,,,,,,,,,,,,,,,,,,,,,,,,,,,,,
,,,,,,,,,,,NN126LU,,,,,,,,,,,,,,,,,,,,,,,,,,,,,,,,
,,,,,,,,,,,,,,,,,,,,,,,,,,,,,,,,,,,,,,,,,,,
,,,,,,,,,,,,,,,,,,,,,,,,,,,,,,,,,,,,,,,,,,,
,,,,,,,,,,,,,,,,,,,,,,,,,,,,,,,,,,,,,,,,,,,
,,,,,,,,,,,nn8 4uw,,,,,,,,,,,,,,,,,,,,,,,,,,,,,,,,
,,,,,,,,,,,NN4 6LS,,,,,,,,,,,,,,,,,,,,,,,,,,,,,,,,
,,,,,,,,,,,NN15 5SG,,,,,,,,,,,,,,,,,,,,,,,,,,,,,,,,
,,,,,,,,,,,,,,,,,,,,,,,,,,,,,,,,,,,,,,,,,,,
,,,,,,,,,,,"Nn8 4uw ",,,,,,,,,,,,,,,,,,,,,,,,,,,,,,,,
,,,,,,,,,,,,,,,,,,,,,,,,,,,,,,,,,,,,,,,,,,,
,,,,,,,,,,,,,,,,,,,,,,,,,,,,,,,,,,,,,,,,,,,
,,,,,,,,,,,nn2 7dt,,,,,,,,,,,,,,,,,,,,,,,,,,,,,,,,
,,,,,,,,,,,"Nn156tx ",,,,,,,,,,,,,,,,,,,,,,,,,,,,,,,,
,,,,,,,,,,,PE8 6QF,,,,,,,,,,,,,,,,,,,,,,,,,,,,,,,,
,,,,,,,,,,,nn3 6se,,,,,,,,,,,,,,,,,,,,,,,,,,,,,,,,
,,,,,,,,,,,NN14 6FH,,,,,,,,,,,,,,,,,,,,,,,,,,,,,,,,
,,,,,,,,,,,,,,,,,,,,,,,,,,,,,,,,,,,,,,,,,,,
,,,,,,,,,,,Nn12 6dj,,,,,,,,,,,,,,,,,,,,,,,,,,,,,,,,
,,,,,,,,,,,PE8 4QQ,,,,,,,,,,,,,,,,,,,,,,,,,,,,,,,,
,,,,,,,,,,,nn3 9bd,,,,,,,,,,,,,,,,,,,,,,,,,,,,,,,,
,,,,,,,,,,,NN7 3NL,,,,,,,,,,,,,,,,,,,,,,,,,,,,,,,,
,,,,,,,,,,,"NN16 0HZ ",,,,,,,,,,,,,,,,,,,,,,,,,,,,,,,,
,,,,,,,,,,,NN15 5GN,,,,,,,,,,,,,,,,,,,,,,,,,,,,,,,,
,,,,,,,,,,,nn68nq,,,,,,,,,,,,,,,,,,,,,,,,,,,,,,,,
,,,,,,,,,,,NN2 7BN,,,,,,,,,,,,,,,,,,,,,,,,,,,,,,,,
,,,,,,,,,,,,,,,,,,,,,,,,,,,,,,,,,,,,,,,,,,,
,,,,,,,,,,,NN3 3BB,,,,,,,,,,,,,,,,,,,,,,,,,,,,,,,,
,,,,,,,,,,,Nn10 0uu,,,,,,,,,,,,,,,,,,,,,,,,,,,,,,,,
,,,,,,,,,,,NN15 5ET,,,,,,,,,,,,,,,,,,,,,,,,,,,,,,,,
,,,,,,,,,,,NN14 6BS,,,,,,,,,,,,,,,,,,,,,,,,,,,,,,,,
,,,,,,,,,,,nn160ra,,,,,,,,,,,,,,,,,,,,,,,,,,,,,,,,
,,,,,,,,,,,NN5 4AF,,,,,,,,,,,,,,,,,,,,,,,,,,,,,,,,
,,,,,,,,,,,,,,,,,,,,,,,,,,,,,,,,,,,,,,,,,,,
,,,,,,,,,,,NN2 6ND,,,,,,,,,,,,,,,,,,,,,,,,,,,,,,,,
,,,,,,,,,,,"Nn146de ",,,,,,,,,,,,,,,,,,,,,,,,,,,,,,,,
,,,,,,,,,,,,,,,,,,,,,,,,,,,,,,,,,,,,,,,,,,,
,,,,,,,,,,,"NN155JG ",,,,,,,,,,,,,,,,,,,,,,,,,,,,,,,,
,,,,,,,,,,,Nn10 9jg,,,,,,,,,,,,,,,,,,,,,,,,,,,,,,,,
,,,,,,,,,,,Nn15 5dn,,,,,,,,,,,,,,,,,,,,,,,,,,,,,,,,
,,,,,,,,,,,Nn15 5sx,,,,,,,,,,,,,,,,,,,,,,,,,,,,,,,,
,,,,,,,,,,,NN8 3UU,,,,,,,,,,,,,,,,,,,,,,,,,,,,,,,,
,,,,,,,,,,,,,,,,,,,,,,,,,,,,,,,,,,,,,,,,,,,
,,,,,,,,,,,"NN144HH ",,,,,,,,,,,,,,,,,,,,,,,,,,,,,,,,
,,,,,,,,,,,,,,,,,,,,,,,,,,,,,,,,,,,,,,,,,,,
,,,,,,,,,,,,,,,,,,,,,,,,,,,,,,,,,,,,,,,,,,,
,,,,,,,,,,,NN3 6WJ,,,,,,,,,,,,,,,,,,,,,,,,,,,,,,,,
,,,,,,,,,,,"NN1 5EL ",,,,,,,,,,,,,,,,,,,,,,,,,,,,,,,,
,,,,,,,,,,,NN1 3ax,,,,,,,,,,,,,,,,,,,,,,,,,,,,,,,,
,,,,,,,,,,,NN14 6DR,,,,,,,,,,,,,,,,,,,,,,,,,,,,,,,,
,,,,,,,,,,,NN169PS,,,,,,,,,,,,,,,,,,,,,,,,,,,,,,,,
,,,,,,,,,,,Nn3 5ax,,,,,,,,,,,,,,,,,,,,,,,,,,,,,,,,
,,,,,,,,,,,,,,,,,,,,,,,,,,,,,,,,,,,,,,,,,,,
,,,,,,,,,,,,,,,,,,,,,,,,,,,,,,,,,,,,,,,,,,,
,,,,,,,,,,,NN8 2JT,,,,,,,,,,,,,,,,,,,,,,,,,,,,,,,,
,,,,,,,,,,,,,,,,,,,,,,,,,,,,,,,,,,,,,,,,,,,
,,,,,,,,,,,PE8 4FB,,,,,,,,,,,,,,,,,,,,,,,,,,,,,,,,
,,,,,,,,,,,NN14 2UZ,,,,,,,,,,,,,,,,,,,,,,,,,,,,,,,,
,,,,,,,,,,,"NN16 9UR ",,,,,,,,,,,,,,,,,,,,,,,,,,,,,,,,
,,,,,,,,,,,,,,,,,,,,,,,,,,,,,,,,,,,,,,,,,,,
,,,,,,,,,,,,,,,,,,,,,,,,,,,,,,,,,,,,,,,,,,,
,,,,,,,,,,,Nn15 6ln,,,,,,,,,,,,,,,,,,,,,,,,,,,,,,,,
,,,,,,,,,,,,,,,,,,,,,,,,,,,,,,,,,,,,,,,,,,,
,,,,,,,,,,,Nn3 3lp,,,,,,,,,,,,,,,,,,,,,,,,,,,,,,,,
,,,,,,,,,,,nn12 7ah,,,,,,,,,,,,,,,,,,,,,,,,,,,,,,,,
,,,,,,,,,,,nn12 7ah,,,,,,,,,,,,,,,,,,,,,,,,,,,,,,,,
,,,,,,,,,,,NN15 5FU,,,,,,,,,,,,,,,,,,,,,,,,,,,,,,,,
,,,,,,,,,,,nn13 6bs,,,,,,,,,,,,,,,,,,,,,,,,,,,,,,,,
,,,,,,,,,,,,,,,,,,,,,,,,,,,,,,,,,,,,,,,,,,,
,,,,,,,,,,,Nn114gz,,,,,,,,,,,,,,,,,,,,,,,,,,,,,,,,
,,,,,,,,,,,NN10 8PL,,,,,,,,,,,,,,,,,,,,,,,,,,,,,,,,
,,,,,,,,,,,NN14 4FD,,,,,,,,,,,,,,,,,,,,,,,,,,,,,,,,
,,,,,,,,,,,Pe8 4jl,,,,,,,,,,,,,,,,,,,,,,,,,,,,,,,,
,,,,,,,,,,,PE8 4EF,,,,,,,,,,,,,,,,,,,,,,,,,,,,,,,,
,,,,,,,,,,,NN18 8EN,,,,,,,,,,,,,,,,,,,,,,,,,,,,,,,,
,,,,,,,,,,,NN12 8QU,,,,,,,,,,,,,,,,,,,,,,,,,,,,,,,,
,,,,,,,,,,,NN12 8QU,,,,,,,,,,,,,,,,,,,,,,,,,,,,,,,,
,,,,,,,,,,,NN14 6BW,,,,,,,,,,,,,,,,,,,,,,,,,,,,,,,,
,,,,,,,,,,,Nn6 7wh,,,,,,,,,,,,,,,,,,,,,,,,,,,,,,,,
,,,,,,,,,,,NN18 0BS,,,,,,,,,,,,,,,,,,,,,,,,,,,,,,,,
,,,,,,,,,,,"NN10 6AG  ",,,,,,,,,,,,,,,,,,,,,,,,,,,,,,,,
,,,,,,,,,,,NN114PB,,,,,,,,,,,,,,,,,,,,,,,,,,,,,,,,
,,,,,,,,,,,,,,,,,,,,,,,,,,,,,,,,,,,,,,,,,,,
,,,,,,,,,,,NN5 6RS,,,,,,,,,,,,,,,,,,,,,,,,,,,,,,,,
,,,,,,,,,,,,,,,,,,,,,,,,,,,,,,,,,,,,,,,,,,,
,,,,,,,,,,,NN113HW,,,,,,,,,,,,,,,,,,,,,,,,,,,,,,,,
,,,,,,,,,,,"Nn3 2by ",,,,,,,,,,,,,,,,,,,,,,,,,,,,,,,,
,,,,,,,,,,,NN1 1ES,,,,,,,,,,,,,,,,,,,,,,,,,,,,,,,,
,,,,,,,,,,,NN1 1ES,,,,,,,,,,,,,,,,,,,,,,,,,,,,,,,,
,,,,,,,,,,,,,,,,,,,,,,,,,,,,,,,,,,,,,,,,,,,
,,,,,,,,,,,NN1 3BA,,,,,,,,,,,,,,,,,,,,,,,,,,,,,,,,
,,,,,,,,,,,,,,,,,,,,,,,,,,,,,,,,,,,,,,,,,,,
,,,,,,,,,,,Nn46uy,,,,,,,,,,,,,,,,,,,,,,,,,,,,,,,,
,,,,,,,,,,,NN11 6JJ,,,,,,,,,,,,,,,,,,,,,,,,,,,,,,,,
,,,,,,,,,,,Nn82pg,,,,,,,,,,,,,,,,,,,,,,,,,,,,,,,,
,,,,,,,,,,,"NN16 9UR ",,,,,,,,,,,,,,,,,,,,,,,,,,,,,,,,
,,,,,,,,,,,Nn5 6ep,,,,,,,,,,,,,,,,,,,,,,,,,,,,,,,,
,,,,,,,,,,,"NN15 6JL ",,,,,,,,,,,,,,,,,,,,,,,,,,,,,,,,
,,,,,,,,,,,NN27bl,,,,,,,,,,,,,,,,,,,,,,,,,,,,,,,,
,,,,,,,,,,,"Nn106ew ",,,,,,,,,,,,,,,,,,,,,,,,,,,,,,,,
,,,,,,,,,,,"NN100AH ",,,,,,,,,,,,,,,,,,,,,,,,,,,,,,,,
,,,,,,,,,,,NN7 1LF,,,,,,,,,,,,,,,,,,,,,,,,,,,,,,,,
,,,,,,,,,,,"NN3 2JJ ",,,,,,,,,,,,,,,,,,,,,,,,,,,,,,,,
,,,,,,,,,,,,,,,,,,,,,,,,,,,,,,,,,,,,,,,,,,,
,,,,,,,,,,,NN9 6UX,,,,,,,,,,,,,,,,,,,,,,,,,,,,,,,,
,,,,,,,,,,,"NN10 8EH ",,,,,,,,,,,,,,,,,,,,,,,,,,,,,,,,
,,,,,,,,,,,Nn14 1st,,,,,,,,,,,,,,,,,,,,,,,,,,,,,,,,
,,,,,,,,,,,NN18 9DJ,,,,,,,,,,,,,,,,,,,,,,,,,,,,,,,,
,,,,,,,,,,,Nn16 9qt,,,,,,,,,,,,,,,,,,,,,,,,,,,,,,,,
,,,,,,,,,,,"Nn141st ",,,,,,,,,,,,,,,,,,,,,,,,,,,,,,,,
,,,,,,,,,,,"NN109PF ",,,,,,,,,,,,,,,,,,,,,,,,,,,,,,,,
,,,,,,,,,,," Nn82nu ",,,,,,,,,,,,,,,,,,,,,,,,,,,,,,,,
,,,,,,,,,,,NN143DA,,,,,,,,,,,,,,,,,,,,,,,,,,,,,,,,
,,,,,,,,,,,nn3 8xa,,,,,,,,,,,,,,,,,,,,,,,,,,,,,,,,
,,,,,,,,,,,"Nn172sy ",,,,,,,,,,,,,,,,,,,,,,,,,,,,,,,,
,,,,,,,,,,,,,,,,,,,,,,,,,,,,,,,,,,,,,,,,,,,
,,,,,,,,,,,Nn12 6qq,,,,,,,,,,,,,,,,,,,,,,,,,,,,,,,,
,,,,,,,,,,,,,,,,,,,,,,,,,,,,,,,,,,,,,,,,,,,
,,,,,,,,,,,Nn8 5ay,,,,,,,,,,,,,,,,,,,,,,,,,,,,,,,,
,,,,,,,,,,,NN5 4AR,,,,,,,,,,,,,,,,,,,,,,,,,,,,,,,,
,,,,,,,,,,,"Nn14 4rw ",,,,,,,,,,,,,,,,,,,,,,,,,,,,,,,,
,,,,,,,,,,,Nn32pg,,,,,,,,,,,,,,,,,,,,,,,,,,,,,,,,
,,,,,,,,,,,NN1 5BX,,,,,,,,,,,,,,,,,,,,,,,,,,,,,,,,
,,,,,,,,,,,Nn4 6ad,,,,,,,,,,,,,,,,,,,,,,,,,,,,,,,,
,,,,,,,,,,,NN3 2TR,,,,,,,,,,,,,,,,,,,,,,,,,,,,,,,,
,,,,,,,,,,,NN15 6TA,,,,,,,,,,,,,,,,,,,,,,,,,,,,,,,,
,,,,,,,,,,,Nn15 5qd,,,,,,,,,,,,,,,,,,,,,,,,,,,,,,,,
,,,,,,,,,,,Nn46fr,,,,,,,,,,,,,,,,,,,,,,,,,,,,,,,,
,,,,,,,,,,,NN4 9XG,,,,,,,,,,,,,,,,,,,,,,,,,,,,,,,,
,,,,,,,,,,,Nn36pf,,,,,,,,,,,,,,,,,,,,,,,,,,,,,,,,
,,,,,,,,,,,Nn2 7te,,,,,,,,,,,,,,,,,,,,,,,,,,,,,,,,
,,,,,,,,,,,NN10 0HU,,,,,,,,,,,,,,,,,,,,,,,,,,,,,,,,
,,,,,,,,,,,"Nn15 5xb ",,,,,,,,,,,,,,,,,,,,,,,,,,,,,,,,
,,,,,,,,,,,,,,,,,,,,,,,,,,,,,,,,,,,,,,,,,,,
,,,,,,,,,,,Nn8 5yb,,,,,,,,,,,,,,,,,,,,,,,,,,,,,,,,
,,,,,,,,,,,,,,,,,,,,,,,,,,,,,,,,,,,,,,,,,,,
,,,,,,,,,,,,,,,,,,,,,,,,,,,,,,,,,,,,,,,,,,,
,,,,,,,,,,,Nn57nt,,,,,,,,,,,,,,,,,,,,,,,,,,,,,,,,
,,,,,,,,,,,NN4 5BG,,,,,,,,,,,,,,,,,,,,,,,,,,,,,,,,
,,,,,,,,,,,,,,,,,,,,,,,,,,,,,,,,,,,,,,,,,,,
,,,,,,,,,,,NN14 6AS,,,,,,,,,,,,,,,,,,,,,,,,,,,,,,,,
,,,,,,,,,,,"Nn9 5TZ ",,,,,,,,,,,,,,,,,,,,,,,,,,,,,,,,
,,,,,,,,,,,NN1 5JF,,,,,,,,,,,,,,,,,,,,,,,,,,,,,,,,
,,,,,,,,,,,Nn54bq,,,,,,,,,,,,,,,,,,,,,,,,,,,,,,,,
,,,,,,,,,,,,,,,,,,,,,,,,,,,,,,,,,,,,,,,,,,,
,,,,,,,,,,,Nn14 2lz,,,,,,,,,,,,,,,,,,,,,,,,,,,,,,,,
,,,,,,,,,,,,,,,,,,,,,,,,,,,,,,,,,,,,,,,,,,,
,,,,,,,,,,,NN3 2PD,,,,,,,,,,,,,,,,,,,,,,,,,,,,,,,,
,,,,,,,,,,,,,,,,,,,,,,,,,,,,,,,,,,,,,,,,,,,
,,,,,,,,,,,Nn4 5fx,,,,,,,,,,,,,,,,,,,,,,,,,,,,,,,,
,,,,,,,,,,,,,,,,,,,,,,,,,,,,,,,,,,,,,,,,,,,
,,,,,,,,,,,Nn4 0ne,,,,,,,,,,,,,,,,,,,,,,,,,,,,,,,,
,,,,,,,,,,,NN2 7TR,,,,,,,,,,,,,,,,,,,,,,,,,,,,,,,,
,,,,,,,,,,,,,,,,,,,,,,,,,,,,,,,,,,,,,,,,,,,
,,,,,,,,,,,"NN155SG ",,,,,,,,,,,,,,,,,,,,,,,,,,,,,,,,
,,,,,,,,,,,MK19 6gn,,,,,,,,,,,,,,,,,,,,,,,,,,,,,,,,
,,,,,,,,,,,,,,,,,,,,,,,,,,,,,,,,,,,,,,,,,,,
,,,,,,,,,,,"Nn6 9dn ",,,,,,,,,,,,,,,,,,,,,,,,,,,,,,,,
,,,,,,,,,,,NN 12 6DL,,,,,,,,,,,,,,,,,,,,,,,,,,,,,,,,
,,,,,,,,,,,NN15 5GJ,,,,,,,,,,,,,,,,,,,,,,,,,,,,,,,,
,,,,,,,,,,,"NN188gg ",,,,,,,,,,,,,,,,,,,,,,,,,,,,,,,,
,,,,,,,,,,,Nn156ra,,,,,,,,,,,,,,,,,,,,,,,,,,,,,,,,
,,,,,,,,,,,Nn95yx,,,,,,,,,,,,,,,,,,,,,,,,,,,,,,,,
,,,,,,,,,,,Nn39hn,,,,,,,,,,,,,,,,,,,,,,,,,,,,,,,,
,,,,,,,,,,,NN6 0AN,,,,,,,,,,,,,,,,,,,,,,,,,,,,,,,,
,,,,,,,,,,,,,,,,,,,,,,,,,,,,,,,,,,,,,,,,,,,
,,,,,,,,,,,,,,,,,,,,,,,,,,,,,,,,,,,,,,,,,,,
,,,,,,,,,,,Nn297tp,,,,,,,,,,,,,,,,,,,,,,,,,,,,,,,,
,,,,,,,,,,,PE8 6xn,,,,,,,,,,,,,,,,,,,,,,,,,,,,,,,,
,,,,,,,,,,,NN18 0TH,,,,,,,,,,,,,,,,,,,,,,,,,,,,,,,,
,,,,,,,,,,,NN15 7HS,,,,,,,,,,,,,,,,,,,,,,,,,,,,,,,,
,,,,,,,,,,,,,,,,,,,,,,,,,,,,,,,,,,,,,,,,,,,
,,,,,,,,,,,NN15 5GN,,,,,,,,,,,,,,,,,,,,,,,,,,,,,,,,
,,,,,,,,,,,NN11 4RW,,,,,,,,,,,,,,,,,,,,,,,,,,,,,,,,
,,,,,,,,,,,"Nn155gl ",,,,,,,,,,,,,,,,,,,,,,,,,,,,,,,,
,,,,,,,,,,,,,,,,,,,,,,,,,,,,,,,,,,,,,,,,,,,
,,,,,,,,,,,Nn11 0tz,,,,,,,,,,,,,,,,,,,,,,,,,,,,,,,,
,,,,,,,,,,,,,,,,,,,,,,,,,,,,,,,,,,,,,,,,,,,
,,,,,,,,,,,NN5 6QT,,,,,,,,,,,,,,,,,,,,,,,,,,,,,,,,
,,,,,,,,,,,,,,,,,,,,,,,,,,,,,,,,,,,,,,,,,,,
,,,,,,,,,,,,,,,,,,,,,,,,,,,,,,,,,,,,,,,,,,,
,,,,,,,,,,,Nn71ls,,,,,,,,,,,,,,,,,,,,,,,,,,,,,,,,
,,,,,,,,,,,NN1 5JH,,,,,,,,,,,,,,,,,,,,,,,,,,,,,,,,
,,,,,,,,,,,,,,,,,,,,,,,,,,,,,,,,,,,,,,,,,,,
,,,,,,,,,,,,,,,,,,,,,,,,,,,,,,,,,,,,,,,,,,,
,,,,,,,,,,,NN5 6GB,,,,,,,,,,,,,,,,,,,,,,,,,,,,,,,,
,,,,,,,,,,,nn6 0aw,,,,,,,,,,,,,,,,,,,,,,,,,,,,,,,,
,,,,,,,,,,,NN9 5NH,,,,,,,,,,,,,,,,,,,,,,,,,,,,,,,,
,,,,,,,,,,,NN3 6HN,,,,,,,,,,,,,,,,,,,,,,,,,,,,,,,,
,,,,,,,,,,,Nn46ab,,,,,,,,,,,,,,,,,,,,,,,,,,,,,,,,
,,,,,,,,,,,Nn73dj,,,,,,,,,,,,,,,,,,,,,,,,,,,,,,,,
,,,,,,,,,,,NN45AL,,,,,,,,,,,,,,,,,,,,,,,,,,,,,,,,
,,,,,,,,,,,NN15 5UA,,,,,,,,,,,,,,,,,,,,,,,,,,,,,,,,
,,,,,,,,,,,,,,,,,,,,,,,,,,,,,,,,,,,,,,,,,,,
,,,,,,,,,,,NN4 0nr,,,,,,,,,,,,,,,,,,,,,,,,,,,,,,,,
,,,,,,,,,,,NN12 6QQ,,,,,,,,,,,,,,,,,,,,,,,,,,,,,,,,
,,,,,,,,,,,,,,,,,,,,,,,,,,,,,,,,,,,,,,,,,,,
,,,,,,,,,,,Nn1 4rg,,,,,,,,,,,,,,,,,,,,,,,,,,,,,,,,
,,,,,,,,,,,le16 8hn,,,,,,,,,,,,,,,,,,,,,,,,,,,,,,,,
,,,,,,,,,,,nn12 6jb,,,,,,,,,,,,,,,,,,,,,,,,,,,,,,,,
,,,,,,,,,,,"NN5 6ES ",,,,,,,,,,,,,,,,,,,,,,,,,,,,,,,,
,,,,,,,,,,,,,,,,,,,,,,,,,,,,,,,,,,,,,,,,,,,
,,,,,,,,,,,Nn5 7hs,,,,,,,,,,,,,,,,,,,,,,,,,,,,,,,,
,,,,,,,,,,,nn54ed,,,,,,,,,,,,,,,,,,,,,,,,,,,,,,,,
,,,,,,,,,,,nn54ed,,,,,,,,,,,,,,,,,,,,,,,,,,,,,,,,
,,,,,,,,,,,nn106ub,,,,,,,,,,,,,,,,,,,,,,,,,,,,,,,,
,,,,,,,,,,,,,,,,,,,,,,,,,,,,,,,,,,,,,,,,,,,
,,,,,,,,,,,nn4 6ez,,,,,,,,,,,,,,,,,,,,,,,,,,,,,,,,
,,,,,,,,,,,Nn11 9ee,,,,,,,,,,,,,,,,,,,,,,,,,,,,,,,,
,,,,,,,,,,,nn6 8hl,,,,,,,,,,,,,,,,,,,,,,,,,,,,,,,,
,,,,,,,,,,,nn5 6es,,,,,,,,,,,,,,,,,,,,,,,,,,,,,,,,
,,,,,,,,,,,NN8 3FF,,,,,,,,,,,,,,,,,,,,,,,,,,,,,,,,
,,,,,,,,,,,NN4 0DA,,,,,,,,,,,,,,,,,,,,,,,,,,,,,,,,
,,,,,,,,,,,NN3 7BN,,,,,,,,,,,,,,,,,,,,,,,,,,,,,,,,
,,,,,,,,,,,NN7 2EH,,,,,,,,,,,,,,,,,,,,,,,,,,,,,,,,
,,,,,,,,,,,Nn4 6ne,,,,,,,,,,,,,,,,,,,,,,,,,,,,,,,,
,,,,,,,,,,,NN11 0TP,,,,,,,,,,,,,,,,,,,,,,,,,,,,,,,,
,,,,,,,,,,,Nn55eq,,,,,,,,,,,,,,,,,,,,,,,,,,,,,,,,
,,,,,,,,,,,"Nn3 2pt ",,,,,,,,,,,,,,,,,,,,,,,,,,,,,,,,
,,,,,,,,,,,,,,,,,,,,,,,,,,,,,,,,,,,,,,,,,,,
,,,,,,,,,,,NN81NB,,,,,,,,,,,,,,,,,,,,,,,,,,,,,,,,
,,,,,,,,,,,NN14 2PW,,,,,,,,,,,,,,,,,,,,,,,,,,,,,,,,
,,,,,,,,,,,,,,,,,,,,,,,,,,,,,,,,,,,,,,,,,,,
,,,,,,,,,,,,,,,,,,,,,,,,,,,,,,,,,,,,,,,,,,,
,,,,,,,,,,,"Nn180dd ",,,,,,,,,,,,,,,,,,,,,,,,,,,,,,,,
,,,,,,,,,,,,,,,,,,,,,,,,,,,,,,,,,,,,,,,,,,,
,,,,,,,,,,,,,,,,,,,,,,,,,,,,,,,,,,,,,,,,,,,
,,,,,,,,,,,NN40SE,,,,,,,,,,,,,,,,,,,,,,,,,,,,,,,,
,,,,,,,,,,,NN2 6JA,,,,,,,,,,,,,,,,,,,,,,,,,,,,,,,,
,,,,,,,,,,,"NN1 1LN ",,,,,,,,,,,,,,,,,,,,,,,,,,,,,,,,
,,,,,,,,,,,NN156HE,,,,,,,,,,,,,,,,,,,,,,,,,,,,,,,,
,,,,,,,,,,,nn15ra,,,,,,,,,,,,,,,,,,,,,,,,,,,,,,,,
,,,,,,,,,,,NN14 4ED,,,,,,,,,,,,,,,,,,,,,,,,,,,,,,,,
,,,,,,,,,,,,,,,,,,,,,,,,,,,,,,,,,,,,,,,,,,,
,,,,,,,,,,,NN1 5RN,,,,,,,,,,,,,,,,,,,,,,,,,,,,,,,,
,,,,,,,,,,,NN8 5AP,,,,,,,,,,,,,,,,,,,,,,,,,,,,,,,,
,,,,,,,,,,,NN13 5NY,,,,,,,,,,,,,,,,,,,,,,,,,,,,,,,,
,,,,,,,,,,,,,,,,,,,,,,,,,,,,,,,,,,,,,,,,,,,
,,,,,,,,,,,,,,,,,,,,,,,,,,,,,,,,,,,,,,,,,,,
,,,,,,,,,,,,,,,,,,,,,,,,,,,,,,,,,,,,,,,,,,,
,,,,,,,,,,,,,,,,,,,,,,,,,,,,,,,,,,,,,,,,,,,
,,,,,,,,,,,,,,,,,,,,,,,,,,,,,,,,,,,,,,,,,,,
,,,,,,,,,,,NN2 8UF,,,,,,,,,,,,,,,,,,,,,,,,,,,,,,,,
,,,,,,,,,,,NN5 6QR,,,,,,,,,,,,,,,,,,,,,,,,,,,,,,,,
,,,,,,,,,,,NN4 0RL,,,,,,,,,,,,,,,,,,,,,,,,,,,,,,,,
,,,,,,,,,,,NN3 3BY,,,,,,,,,,,,,,,,,,,,,,,,,,,,,,,,
,,,,,,,,,,,,,,,,,,,,,,,,,,,,,,,,,,,,,,,,,,,
,,,,,,,,,,,NN3 3bb,,,,,,,,,,,,,,,,,,,,,,,,,,,,,,,,
,,,,,,,,,,,NN14 4NQ,,,,,,,,,,,,,,,,,,,,,,,,,,,,,,,,
,,,,,,,,,,,pe84bu,,,,,,,,,,,,,,,,,,,,,,,,,,,,,,,,
,,,,,,,,,,,,,,,,,,,,,,,,,,,,,,,,,,,,,,,,,,,
,,,,,,,,,,,Nn5 6xn,,,,,,,,,,,,,,,,,,,,,,,,,,,,,,,,
,,,,,,,,,,,,,,,,,,,,,,,,,,,,,,,,,,,,,,,,,,,
,,,,,,,,,,,Nn15 6rs,,,,,,,,,,,,,,,,,,,,,,,,,,,,,,,,
,,,,,,,,,,,NN7 2NF,,,,,,,,,,,,,,,,,,,,,,,,,,,,,,,,
,,,,,,,,,,,PE8 4NR,,,,,,,,,,,,,,,,,,,,,,,,,,,,,,,,
,,,,,,,,,,,,,,,,,,,,,,,,,,,,,,,,,,,,,,,,,,,
,,,,,,,,,,,nn156qe,,,,,,,,,,,,,,,,,,,,,,,,,,,,,,,,
,,,,,,,,,,,NN12 8QP,,,,,,,,,,,,,,,,,,,,,,,,,,,,,,,,
,,,,,,,,,,,NN3 2ar,,,,,,,,,,,,,,,,,,,,,,,,,,,,,,,,
,,,,,,,,,,,,,,,,,,,,,,,,,,,,,,,,,,,,,,,,,,,
,,,,,,,,,,,,,,,,,,,,,,,,,,,,,,,,,,,,,,,,,,,
,,,,,,,,,,,Nn66aj,,,,,,,,,,,,,,,,,,,,,,,,,,,,,,,,
,,,,,,,,,,,,,,,,,,,,,,,,,,,,,,,,,,,,,,,,,,,
,,,,,,,,,,,,,,,,,,,,,,,,,,,,,,,,,,,,,,,,,,,
,,,,,,,,,,,Nn4 9yw,,,,,,,,,,,,,,,,,,,,,,,,,,,,,,,,
,,,,,,,,,,,,,,,,,,,,,,,,,,,,,,,,,,,,,,,,,,,
,,,,,,,,,,,,,,,,,,,,,,,,,,,,,,,,,,,,,,,,,,,
,,,,,,,,,,,nn169qa,,,,,,,,,,,,,,,,,,,,,,,,,,,,,,,,
,,,,,,,,,,,,,,,,,,,,,,,,,,,,,,,,,,,,,,,,,,,
,,,,,,,,,,,,,,,,,,,,,,,,,,,,,,,,,,,,,,,,,,,
,,,,,,,,,,,Nn6 7yq,,,,,,,,,,,,,,,,,,,,,,,,,,,,,,,,
,,,,,,,,,,,"NN169EU ",,,,,,,,,,,,,,,,,,,,,,,,,,,,,,,,
,,,,,,,,,,,,,,,,,,,,,,,,,,,,,,,,,,,,,,,,,,,
,,,,,,,,,,,,,,,,,,,,,,,,,,,,,,,,,,,,,,,,,,,
,,,,,,,,,,,nn38qt,,,,,,,,,,,,,,,,,,,,,,,,,,,,,,,,
,,,,,,,,,,,Nn10 8pl,,,,,,,,,,,,,,,,,,,,,,,,,,,,,,,,
,,,,,,,,,,,NN16 9JQ,,,,,,,,,,,,,,,,,,,,,,,,,,,,,,,,
,,,,,,,,,,,PE8 4LA,,,,,,,,,,,,,,,,,,,,,,,,,,,,,,,,
,,,,,,,,,,,NN6 8ql,,,,,,,,,,,,,,,,,,,,,,,,,,,,,,,,
,,,,,,,,,,,,,,,,,,,,,,,,,,,,,,,,,,,,,,,,,,,
,,,,,,,,,,,pe84ps,,,,,,,,,,,,,,,,,,,,,,,,,,,,,,,,
,,,,,,,,,,,NN3 2PD,,,,,,,,,,,,,,,,,,,,,,,,,,,,,,,,
,,,,,,,,,,,NN33AR,,,,,,,,,,,,,,,,,,,,,,,,,,,,,,,,
,,,,,,,,,,,nn7 3hf,,,,,,,,,,,,,,,,,,,,,,,,,,,,,,,,
,,,,,,,,,,,,,,,,,,,,,,,,,,,,,,,,,,,,,,,,,,,
,,,,,,,,,,,Nn141ag,,,,,,,,,,,,,,,,,,,,,,,,,,,,,,,,
,,,,,,,,,,,,,,,,,,,,,,,,,,,,,,,,,,,,,,,,,,,
,,,,,,,,,,,Nn1 4bu,,,,,,,,,,,,,,,,,,,,,,,,,,,,,,,,
,,,,,,,,,,,,,,,,,,,,,,,,,,,,,,,,,,,,,,,,,,,
,,,,,,,,,,,,,,,,,,,,,,,,,,,,,,,,,,,,,,,,,,,
,,,,,,,,,,,,,,,,,,,,,,,,,,,,,,,,,,,,,,,,,,,
,,,,,,,,,,,,,,,,,,,,,,,,,,,,,,,,,,,,,,,,,,,
,,,,,,,,,,,Nn6 9nu,,,,,,,,,,,,,,,,,,,,,,,,,,,,,,,,
,,,,,,,,,,,,,,,,,,,,,,,,,,,,,,,,,,,,,,,,,,,
,,,,,,,,,,,,,,,,,,,,,,,,,,,,,,,,,,,,,,,,,,,
,,,,,,,,,,,"NN72AZ ",,,,,,,,,,,,,,,,,,,,,,,,,,,,,,,,
,,,,,,,,,,,NN7 3DJ,,,,,,,,,,,,,,,,,,,,,,,,,,,,,,,,
,,,,,,,,,,,,,,,,,,,,,,,,,,,,,,,,,,,,,,,,,,,
,,,,,,,,,,,,,,,,,,,,,,,,,,,,,,,,,,,,,,,,,,,
,,,,,,,,,,,,,,,,,,,,,,,,,,,,,,,,,,,,,,,,,,,
,,,,,,,,,,,,,,,,,,,,,,,,,,,,,,,,,,,,,,,,,,,
,,,,,,,,,,,,,,,,,,,,,,,,,,,,,,,,,,,,,,,,,,,
,,,,,,,,,,,NN142JJ,,,,,,,,,,,,,,,,,,,,,,,,,,,,,,,,
,,,,,,,,,,,NN15 7NH,,,,,,,,,,,,,,,,,,,,,,,,,,,,,,,,
,,,,,,,,,,,LE16 8XA,,,,,,,,,,,,,,,,,,,,,,,,,,,,,,,,
,,,,,,,,,,,nn11 6jd,,,,,,,,,,,,,,,,,,,,,,,,,,,,,,,,
,,,,,,,,,,,,,,,,,,,,,,,,,,,,,,,,,,,,,,,,,,,
,,,,,,,,,,,,,,,,,,,,,,,,,,,,,,,,,,,,,,,,,,,
,,,,,,,,,,,NN8 4DZ,,,,,,,,,,,,,,,,,,,,,,,,,,,,,,,,
,,,,,,,,,,,NN2 8QH,,,,,,,,,,,,,,,,,,,,,,,,,,,,,,,,
,,,,,,,,,,,,,,,,,,,,,,,,,,,,,,,,,,,,,,,,,,,
,,,,,,,,,,,nn155jg,,,,,,,,,,,,,,,,,,,,,,,,,,,,,,,,
,,,,,,,,,,,,,,,,,,,,,,,,,,,,,,,,,,,,,,,,,,,
,,,,,,,,,,,,,,,,,,,,,,,,,,,,,,,,,,,,,,,,,,,
,,,,,,,,,,,OX17 2BX,,,,,,,,,,,,,,,,,,,,,,,,,,,,,,,,
,,,,,,,,,,,,,,,,,,,,,,,,,,,,,,,,,,,,,,,,,,,
,,,,,,,,,,,NN3 3AR,,,,,,,,,,,,,,,,,,,,,,,,,,,,,,,,
,,,,,,,,,,,,,,,,,,,,,,,,,,,,,,,,,,,,,,,,,,,
,,,,,,,,,,,,,,,,,,,,,,,,,,,,,,,,,,,,,,,,,,,
,,,,,,,,,,,nn7 2nz,,,,,,,,,,,,,,,,,,,,,,,,,,,,,,,,
,,,,,,,,,,,Nn2 6ns,,,,,,,,,,,,,,,,,,,,,,,,,,,,,,,,
,,,,,,,,,,,nn12 7ax,,,,,,,,,,,,,,,,,,,,,,,,,,,,,,,,
,,,,,,,,,,,nn12 7ax,,,,,,,,,,,,,,,,,,,,,,,,,,,,,,,,
,,,,,,,,,,,,,,,,,,,,,,,,,,,,,,,,,,,,,,,,,,,
,,,,,,,,,,,"NN6 0JG ",,,,,,,,,,,,,,,,,,,,,,,,,,,,,,,,
,,,,,,,,,,,,,,,,,,,,,,,,,,,,,,,,,,,,,,,,,,,
,,,,,,,,,,,"Nn135sx ",,,,,,,,,,,,,,,,,,,,,,,,,,,,,,,,
,,,,,,,,,,,,,,,,,,,,,,,,,,,,,,,,,,,,,,,,,,,
,,,,,,,,,,,NN6 9JW,,,,,,,,,,,,,,,,,,,,,,,,,,,,,,,,
,,,,,,,,,,,"NN188DJ ",,,,,,,,,,,,,,,,,,,,,,,,,,,,,,,,
,,,,,,,,,,,NN2 7FF,,,,,,,,,,,,,,,,,,,,,,,,,,,,,,,,
,,,,,,,,,,,NN4 6JU,,,,,,,,,,,,,,,,,,,,,,,,,,,,,,,,
,,,,,,,,,,,,,,,,,,,,,,,,,,,,,,,,,,,,,,,,,,,
,,,,,,,,,,,,,,,,,,,,,,,,,,,,,,,,,,,,,,,,,,,
,,,,,,,,,,,,,,,,,,,,,,,,,,,,,,,,,,,,,,,,,,,
,,,,,,,,,,,,,,,,,,,,,,,,,,,,,,,,,,,,,,,,,,,
,,,,,,,,,,,NN2 8SQ,,,,,,,,,,,,,,,,,,,,,,,,,,,,,,,,
,,,,,,,,,,,,,,,,,,,,,,,,,,,,,,,,,,,,,,,,,,,
,,,,,,,,,,,NN7 1JR,,,,,,,,,,,,,,,,,,,,,,,,,,,,,,,,
,,,,,,,,,,,NN1 3QR,,,,,,,,,,,,,,,,,,,,,,,,,,,,,,,,
,,,,,,,,,,,NN112NP,,,,,,,,,,,,,,,,,,,,,,,,,,,,,,,,
,,,,,,,,,,,NN1 4TH,,,,,,,,,,,,,,,,,,,,,,,,,,,,,,,,
,,,,,,,,,,,NN1 4TH,,,,,,,,,,,,,,,,,,,,,,,,,,,,,,,,
,,,,,,,,,,,,,,,,,,,,,,,,,,,,,,,,,,,,,,,,,,,
,,,,,,,,,,,Nn6 0ah,,,,,,,,,,,,,,,,,,,,,,,,,,,,,,,,
,,,,,,,,,,,NN2 6BY,,,,,,,,,,,,,,,,,,,,,,,,,,,,,,,,
,,,,,,,,,,,NN4 9YA,,,,,,,,,,,,,,,,,,,,,,,,,,,,,,,,
,,,,,,,,,,,NN4 9YA,,,,,,,,,,,,,,,,,,,,,,,,,,,,,,,,
,,,,,,,,,,,,,,,,,,,,,,,,,,,,,,,,,,,,,,,,,,,
,,,,,,,,,,,,,,,,,,,,,,,,,,,,,,,,,,,,,,,,,,,
,,,,,,,,,,,PE8 4QH,,,,,,,,,,,,,,,,,,,,,,,,,,,,,,,,
,,,,,,,,,,,Nn14 3dz,,,,,,,,,,,,,,,,,,,,,,,,,,,,,,,,
,,,,,,,,,,,,,,,,,,,,,,,,,,,,,,,,,,,,,,,,,,,
,,,,,,,,,,,Nn32np,,,,,,,,,,,,,,,,,,,,,,,,,,,,,,,,
,,,,,,,,,,,LE16 8FB,,,,,,,,,,,,,,,,,,,,,,,,,,,,,,,,
,,,,,,,,,,,,,,,,,,,,,,,,,,,,,,,,,,,,,,,,,,,
,,,,,,,,,,,,,,,,,,,,,,,,,,,,,,,,,,,,,,,,,,,
,,,,,,,,,,,Nn48dn,,,,,,,,,,,,,,,,,,,,,,,,,,,,,,,,
,,,,,,,,,,,,,,,,,,,,,,,,,,,,,,,,,,,,,,,,,,,
,,,,,,,,,,,PE8 4EQ,,,,,,,,,,,,,,,,,,,,,,,,,,,,,,,,
,,,,,,,,,,,NN4 0Sq,,,,,,,,,,,,,,,,,,,,,,,,,,,,,,,,
,,,,,,,,,,,Nn4 9ya,,,,,,,,,,,,,,,,,,,,,,,,,,,,,,,,
,,,,,,,,,,,,,,,,,,,,,,,,,,,,,,,,,,,,,,,,,,,
,,,,,,,,,,,NN4 5BG,,,,,,,,,,,,,,,,,,,,,,,,,,,,,,,,
,,,,,,,,,,,NN13 6QA,,,,,,,,,,,,,,,,,,,,,,,,,,,,,,,,
,,,,,,,,,,,Le168hq,,,,,,,,,,,,,,,,,,,,,,,,,,,,,,,,
,,,,,,,,,,,,,,,,,,,,,,,,,,,,,,,,,,,,,,,,,,,
,,,,,,,,,,,NN4 9ya,,,,,,,,,,,,,,,,,,,,,,,,,,,,,,,,
,,,,,,,,,,,NN4 9YA,,,,,,,,,,,,,,,,,,,,,,,,,,,,,,,,
,,,,,,,,,,,NN4 6bf,,,,,,,,,,,,,,,,,,,,,,,,,,,,,,,,
,,,,,,,,,,,,,,,,,,,,,,,,,,,,,,,,,,,,,,,,,,,
,,,,,,,,,,,"NN155LB ",,,,,,,,,,,,,,,,,,,,,,,,,,,,,,,,
,,,,,,,,,,,Nn15 5yl,,,,,,,,,,,,,,,,,,,,,,,,,,,,,,,,
,,,,,,,,,,,NN12 6BJ,,,,,,,,,,,,,,,,,,,,,,,,,,,,,,,,
,,,,,,,,,,,,,,,,,,,,,,,,,,,,,,,,,,,,,,,,,,,
,,,,,,,,,,,Nn3 7hd,,,,,,,,,,,,,,,,,,,,,,,,,,,,,,,,
,,,,,,,,,,,"NN14tq ",,,,,,,,,,,,,,,,,,,,,,,,,,,,,,,,
,,,,,,,,,,,NN5 6LR,,,,,,,,,,,,,,,,,,,,,,,,,,,,,,,,
,,,,,,,,,,,NN11 8AD,,,,,,,,,,,,,,,,,,,,,,,,,,,,,,,,
,,,,,,,,,,,"NN46JR ",,,,,,,,,,,,,,,,,,,,,,,,,,,,,,,,
,,,,,,,,,,,NN3 5AF,,,,,,,,,,,,,,,,,,,,,,,,,,,,,,,,
,,,,,,,,,,,"NN141TG ",,,,,,,,,,,,,,,,,,,,,,,,,,,,,,,,
,,,,,,,,,,,,,,,,,,,,,,,,,,,,,,,,,,,,,,,,,,,
,,,,,,,,,,,Nn48sj,,,,,,,,,,,,,,,,,,,,,,,,,,,,,,,,
,,,,,,,,,,,Nn4 9ul,,,,,,,,,,,,,,,,,,,,,,,,,,,,,,,,
,,,,,,,,,,,Nn28ew,,,,,,,,,,,,,,,,,,,,,,,,,,,,,,,,
,,,,,,,,,,,,,,,,,,,,,,,,,,,,,,,,,,,,,,,,,,,
,,,,,,,,,,,,,,,,,,,,,,,,,,,,,,,,,,,,,,,,,,,
,,,,,,,,,,,NN4 6LH,,,,,,,,,,,,,,,,,,,,,,,,,,,,,,,,
,,,,,,,,,,,Nn46jt,,,,,,,,,,,,,,,,,,,,,,,,,,,,,,,,
,,,,,,,,,,,NN10 0GB,,,,,,,,,,,,,,,,,,,,,,,,,,,,,,,,
,,,,,,,,,,,,,,,,,,,,,,,,,,,,,,,,,,,,,,,,,,,
,,,,,,,,,,,NN27NU,,,,,,,,,,,,,,,,,,,,,,,,,,,,,,,,
,,,,,,,,,,,Nn11 3SL,,,,,,,,,,,,,,,,,,,,,,,,,,,,,,,,
,,,,,,,,,,,NN2 7TA,,,,,,,,,,,,,,,,,,,,,,,,,,,,,,,,
,,,,,,,,,,,,,,,,,,,,,,,,,,,,,,,,,,,,,,,,,,,
,,,,,,,,,,,Nn8 3zs,,,,,,,,,,,,,,,,,,,,,,,,,,,,,,,,
,,,,,,,,,,,NN5 4WD,,,,,,,,,,,,,,,,,,,,,,,,,,,,,,,,
,,,,,,,,,,,NN15 6EH,,,,,,,,,,,,,,,,,,,,,,,,,,,,,,,,
,,,,,,,,,,,Nn1 4pp,,,,,,,,,,,,,,,,,,,,,,,,,,,,,,,,
,,,,,,,,,,,,,,,,,,,,,,,,,,,,,,,,,,,,,,,,,,,
,,,,,,,,,,,Nn2 6re,,,,,,,,,,,,,,,,,,,,,,,,,,,,,,,,
,,,,,,,,,,,NN15 6ge,,,,,,,,,,,,,,,,,,,,,,,,,,,,,,,,
,,,,,,,,,,,"Nn14 1np ",,,,,,,,,,,,,,,,,,,,,,,,,,,,,,,,
,,,,,,,,,,,NN4 0YS,,,,,,,,,,,,,,,,,,,,,,,,,,,,,,,,
,,,,,,,,,,,NN3 2JA,,,,,,,,,,,,,,,,,,,,,,,,,,,,,,,,
,,,,,,,,,,,,,,,,,,,,,,,,,,,,,,,,,,,,,,,,,,,
,,,,,,,,,,,,,,,,,,,,,,,,,,,,,,,,,,,,,,,,,,,
,,,,,,,,,,,,,,,,,,,,,,,,,,,,,,,,,,,,,,,,,,,
,,,,,,,,,,,Nn15 6ge,,,,,,,,,,,,,,,,,,,,,,,,,,,,,,,,
,,,,,,,,,,,,,,,,,,,,,,,,,,,,,,,,,,,,,,,,,,,
,,,,,,,,,,,Nn5 6rq,,,,,,,,,,,,,,,,,,,,,,,,,,,,,,,,
,,,,,,,,,,,LE16 8lw,,,,,,,,,,,,,,,,,,,,,,,,,,,,,,,,
,,,,,,,,,,,,,,,,,,,,,,,,,,,,,,,,,,,,,,,,,,,
,,,,,,,,,,,,,,,,,,,,,,,,,,,,,,,,,,,,,,,,,,,
,,,,,,,,,,,"NN4 6AJ ",,,,,,,,,,,,,,,,,,,,,,,,,,,,,,,,
,,,,,,,,,,,,,,,,,,,,,,,,,,,,,,,,,,,,,,,,,,,
,,,,,,,,,,,NN4 6JL,,,,,,,,,,,,,,,,,,,,,,,,,,,,,,,,
,,,,,,,,,,,,,,,,,,,,,,,,,,,,,,,,,,,,,,,,,,,
,,,,,,,,,,,NN11 2PQ,,,,,,,,,,,,,,,,,,,,,,,,,,,,,,,,
,,,,,,,,,,,"NN11 2PQ ",,,,,,,,,,,,,,,,,,,,,,,,,,,,,,,,
,,,,,,,,,,,Nn3 9gg,,,,,,,,,,,,,,,,,,,,,,,,,,,,,,,,
,,,,,,,,,,,NN4 6LL,,,,,,,,,,,,,,,,,,,,,,,,,,,,,,,,
,,,,,,,,,,,,,,,,,,,,,,,,,,,,,,,,,,,,,,,,,,,
,,,,,,,,,,,"NN46JW ",,,,,,,,,,,,,,,,,,,,,,,,,,,,,,,,
,,,,,,,,,,,,,,,,,,,,,,,,,,,,,,,,,,,,,,,,,,,
,,,,,,,,,,,Nn4 6ll,,,,,,,,,,,,,,,,,,,,,,,,,,,,,,,,
,,,,,,,,,,,,,,,,,,,,,,,,,,,,,,,,,,,,,,,,,,,
,,,,,,,,,,,,,,,,,,,,,,,,,,,,,,,,,,,,,,,,,,,
,,,,,,,,,,,,,,,,,,,,,,,,,,,,,,,,,,,,,,,,,,,
,,,,,,,,,,,,,,,,,,,,,,,,,,,,,,,,,,,,,,,,,,,
,,,,,,,,,,,"Nn38up ",,,,,,,,,,,,,,,,,,,,,,,,,,,,,,,,
,,,,,,,,,,,,,,,,,,,,,,,,,,,,,,,,,,,,,,,,,,,
,,,,,,,,,,,,,,,,,,,,,,,,,,,,,,,,,,,,,,,,,,,
,,,,,,,,,,,,,,,,,,,,,,,,,,,,,,,,,,,,,,,,,,,
,,,,,,,,,,,,,,,,,,,,,,,,,,,,,,,,,,,,,,,,,,,
,,,,,,,,,,,,,,,,,,,,,,,,,,,,,,,,,,,,,,,,,,,
,,,,,,,,,,,"Nn3 6bq ",,,,,,,,,,,,,,,,,,,,,,,,,,,,,,,,
,,,,,,,,,,,NN4 6BG,,,,,,,,,,,,,,,,,,,,,,,,,,,,,,,,
,,,,,,,,,,,"NN46JW ",,,,,,,,,,,,,,,,,,,,,,,,,,,,,,,,
,,,,,,,,,,,,,,,,,,,,,,,,,,,,,,,,,,,,,,,,,,,
,,,,,,,,,,,,,,,,,,,,,,,,,,,,,,,,,,,,,,,,,,,
,,,,,,,,,,,NN29 7DR,,,,,,,,,,,,,,,,,,,,,,,,,,,,,,,,
,,,,,,,,,,,,,,,,,,,,,,,,,,,,,,,,,,,,,,,,,,,
,,,,,,,,,,,NN15 6UF,,,,,,,,,,,,,,,,,,,,,,,,,,,,,,,,
,,,,,,,,,,,,,,,,,,,,,,,,,,,,,,,,,,,,,,,,,,,
,,,,,,,,,,,Nn2 7hw,,,,,,,,,,,,,,,,,,,,,,,,,,,,,,,,
,,,,,,,,,,,NN17 1YR,,,,,,,,,,,,,,,,,,,,,,,,,,,,,,,,
,,,,,,,,,,,,,,,,,,,,,,,,,,,,,,,,,,,,,,,,,,,
,,,,,,,,,,,,,,,,,,,,,,,,,,,,,,,,,,,,,,,,,,,
,,,,,,,,,,,NN27HY,,,,,,,,,,,,,,,,,,,,,,,,,,,,,,,,
,,,,,,,,,,,NN8 5XT,,,,,,,,,,,,,,,,,,,,,,,,,,,,,,,,
,,,,,,,,,,,NN4 6RU,,,,,,,,,,,,,,,,,,,,,,,,,,,,,,,,
,,,,,,,,,,,Nn14 2gl,,,,,,,,,,,,,,,,,,,,,,,,,,,,,,,,
,,,,,,,,,,,Nn2 8hf,,,,,,,,,,,,,,,,,,,,,,,,,,,,,,,,
,,,,,,,,,,,,,,,,,,,,,,,,,,,,,,,,,,,,,,,,,,,
,,,,,,,,,,,"NN2 7JJ ",,,,,,,,,,,,,,,,,,,,,,,,,,,,,,,,
,,,,,,,,,,,,,,,,,,,,,,,,,,,,,,,,,,,,,,,,,,,
,,,,,,,,,,,,,,,,,,,,,,,,,,,,,,,,,,,,,,,,,,,
,,,,,,,,,,,NN46AD,,,,,,,,,,,,,,,,,,,,,,,,,,,,,,,,
,,,,,,,,,,,"NN4 9YE ",,,,,,,,,,,,,,,,,,,,,,,,,,,,,,,,
,,,,,,,,,,,NN4 8DT,,,,,,,,,,,,,,,,,,,,,,,,,,,,,,,,
,,,,,,,,,,,"Nn128sl ",,,,,,,,,,,,,,,,,,,,,,,,,,,,,,,,
,,,,,,,,,,,"NN6 8QE ",,,,,,,,,,,,,,,,,,,,,,,,,,,,,,,,
,,,,,,,,,,,,,,,,,,,,,,,,,,,,,,,,,,,,,,,,,,,
,,,,,,,,,,,,,,,,,,,,,,,,,,,,,,,,,,,,,,,,,,,
,,,,,,,,,,,"NN7 3PT ",,,,,,,,,,,,,,,,,,,,,,,,,,,,,,,,
,,,,,,,,,,,nn169ee,,,,,,,,,,,,,,,,,,,,,,,,,,,,,,,,
,,,,,,,,,,,NN15 7LF,,,,,,,,,,,,,,,,,,,,,,,,,,,,,,,,
,,,,,,,,,,,"NN9 6UX ",,,,,,,,,,,,,,,,,,,,,,,,,,,,,,,,
,,,,,,,,,,,Nn12 7au,,,,,,,,,,,,,,,,,,,,,,,,,,,,,,,,
,,,,,,,,,,,NN15 6QX,,,,,,,,,,,,,,,,,,,,,,,,,,,,,,,,
,,,,,,,,,,,NN9 6TN,,,,,,,,,,,,,,,,,,,,,,,,,,,,,,,,
,,,,,,,,,,,NN7 2PQ,,,,,,,,,,,,,,,,,,,,,,,,,,,,,,,,
,,,,,,,,,,,"NN14 4PJ ",,,,,,,,,,,,,,,,,,,,,,,,,,,,,,,,
,,,,,,,,,,,,,,,,,,,,,,,,,,,,,,,,,,,,,,,,,,,
,,,,,,,,,,,,,,,,,,,,,,,,,,,,,,,,,,,,,,,,,,,
,,,,,,,,,,,NN126LS,,,,,,,,,,,,,,,,,,,,,,,,,,,,,,,,
,,,,,,,,,,,,,,,,,,,,,,,,,,,,,,,,,,,,,,,,,,,
,,,,,,,,,,,nn49xp,,,,,,,,,,,,,,,,,,,,,,,,,,,,,,,,
,,,,,,,,,,,,,,,,,,,,,,,,,,,,,,,,,,,,,,,,,,,
,,,,,,,,,,,NN156QQ,,,,,,,,,,,,,,,,,,,,,,,,,,,,,,,,
,,,,,,,,,,,NN7 4SR,,,,,,,,,,,,,,,,,,,,,,,,,,,,,,,,
,,,,,,,,,,,NN8 4NP,,,,,,,,,,,,,,,,,,,,,,,,,,,,,,,,
,,,,,,,,,,,Nn5 7le,,,,,,,,,,,,,,,,,,,,,,,,,,,,,,,,
,,,,,,,,,,,,,,,,,,,,,,,,,,,,,,,,,,,,,,,,,,,
,,,,,,,,,,,,,,,,,,,,,,,,,,,,,,,,,,,,,,,,,,,
,,,,,,,,,,,,,,,,,,,,,,,,,,,,,,,,,,,,,,,,,,,
,,,,,,,,,,,,,,,,,,,,,,,,,,,,,,,,,,,,,,,,,,,
,,,,,,,,,,,"Nn5 5pg ",,,,,,,,,,,,,,,,,,,,,,,,,,,,,,,,
,,,,,,,,,,,,,,,,,,,,,,,,,,,,,,,,,,,,,,,,,,,
,,,,,,,,,,,CV238XT,,,,,,,,,,,,,,,,,,,,,,,,,,,,,,,,
,,,,,,,,,,,,,,,,,,,,,,,,,,,,,,,,,,,,,,,,,,,
,,,,,,,,,,,NN18 9AJ,,,,,,,,,,,,,,,,,,,,,,,,,,,,,,,,
,,,,,,,,,,,,,,,,,,,,,,,,,,,,,,,,,,,,,,,,,,,
,,,,,,,,,,,Nn72GB,,,,,,,,,,,,,,,,,,,,,,,,,,,,,,,,
,,,,,,,,,,,,,,,,,,,,,,,,,,,,,,,,,,,,,,,,,,,
,,,,,,,,,,,NN6 9LR,,,,,,,,,,,,,,,,,,,,,,,,,,,,,,,,
,,,,,,,,,,,,,,,,,,,,,,,,,,,,,,,,,,,,,,,,,,,
,,,,,,,,,,,NN6 9QX,,,,,,,,,,,,,,,,,,,,,,,,,,,,,,,,
,,,,,,,,,,,Nn83ls,,,,,,,,,,,,,,,,,,,,,,,,,,,,,,,,
,,,,,,,,,,,nn82eb,,,,,,,,,,,,,,,,,,,,,,,,,,,,,,,,
,,,,,,,,,,,NN3 6EA,,,,,,,,,,,,,,,,,,,,,,,,,,,,,,,,
,,,,,,,,,,,,,,,,,,,,,,,,,,,,,,,,,,,,,,,,,,,
,,,,,,,,,,,NN54WB,,,,,,,,,,,,,,,,,,,,,,,,,,,,,,,,
,,,,,,,,,,,Nn15 6NG,,,,,,,,,,,,,,,,,,,,,,,,,,,,,,,,
,,,,,,,,,,,,,,,,,,,,,,,,,,,,,,,,,,,,,,,,,,,
,,,,,,,,,,,,,,,,,,,,,,,,,,,,,,,,,,,,,,,,,,,
,,,,,,,,,,,,,,,,,,,,,,,,,,,,,,,,,,,,,,,,,,,
,,,,,,,,,,,,,,,,,,,,,,,,,,,,,,,,,,,,,,,,,,,
,,,,,,,,,,,,,,,,,,,,,,,,,,,,,,,,,,,,,,,,,,,
,,,,,,,,,,,NN14 1np,,,,,,,,,,,,,,,,,,,,,,,,,,,,,,,,
,,,,,,,,,,,Nn169lj,,,,,,,,,,,,,,,,,,,,,,,,,,,,,,,,
,,,,,,,,,,,"Nn144jr ",,,,,,,,,,,,,,,,,,,,,,,,,,,,,,,,
,,,,,,,,,,,Nn3 5ll,,,,,,,,,,,,,,,,,,,,,,,,,,,,,,,,
,,,,,,,,,,,,,,,,,,,,,,,,,,,,,,,,,,,,,,,,,,,
,,,,,,,,,,,Nn7 2qj,,,,,,,,,,,,,,,,,,,,,,,,,,,,,,,,
,,,,,,,,,,,"NN2 8BX ",,,,,,,,,,,,,,,,,,,,,,,,,,,,,,,,
,,,,,,,,,,,Nn142JE,,,,,,,,,,,,,,,,,,,,,,,,,,,,,,,,
,,,,,,,,,,,nn95sx,,,,,,,,,,,,,,,,,,,,,,,,,,,,,,,,
,,,,,,,,,,,,,,,,,,,,,,,,,,,,,,,,,,,,,,,,,,,
,,,,,,,,,,,"NN155UF ",,,,,,,,,,,,,,,,,,,,,,,,,,,,,,,,
,,,,,,,,,,,NN14 4BY,,,,,,,,,,,,,,,,,,,,,,,,,,,,,,,,
,,,,,,,,,,,NN4 6FR,,,,,,,,,,,,,,,,,,,,,,,,,,,,,,,,
,,,,,,,,,,,NN8 3TH,,,,,,,,,,,,,,,,,,,,,,,,,,,,,,,,
,,,,,,,,,,,,,,,,,,,,,,,,,,,,,,,,,,,,,,,,,,,
,,,,,,,,,,,NN4 9XE,,,,,,,,,,,,,,,,,,,,,,,,,,,,,,,,
,,,,,,,,,,,Nn4 8lf,,,,,,,,,,,,,,,,,,,,,,,,,,,,,,,,
,,,,,,,,,,,,,,,,,,,,,,,,,,,,,,,,,,,,,,,,,,,
,,,,,,,,,,,"Nn126eg ",,,,,,,,,,,,,,,,,,,,,,,,,,,,,,,,
,,,,,,,,,,,,,,,,,,,,,,,,,,,,,,,,,,,,,,,,,,,
,,,,,,,,,,,,,,,,,,,,,,,,,,,,,,,,,,,,,,,,,,,
,,,,,,,,,,,NN5 4BQ,,,,,,,,,,,,,,,,,,,,,,,,,,,,,,,,
,,,,,,,,,,,,,,,,,,,,,,,,,,,,,,,,,,,,,,,,,,,
,,,,,,,,,,,,,,,,,,,,,,,,,,,,,,,,,,,,,,,,,,,
,,,,,,,,,,,Nn2 8uh,,,,,,,,,,,,,,,,,,,,,,,,,,,,,,,,
,,,,,,,,,,,,,,,,,,,,,,,,,,,,,,,,,,,,,,,,,,,
,,,,,,,,,,,Nn15 5re,,,,,,,,,,,,,,,,,,,,,,,,,,,,,,,,
,,,,,,,,,,,Nn2 8qa,,,,,,,,,,,,,,,,,,,,,,,,,,,,,,,,
,,,,,,,,,,,,,,,,,,,,,,,,,,,,,,,,,,,,,,,,,,,
,,,,,,,,,,,NN2 8SY,,,,,,,,,,,,,,,,,,,,,,,,,,,,,,,,
,,,,,,,,,,,,,,,,,,,,,,,,,,,,,,,,,,,,,,,,,,,
,,,,,,,,,,,NN2 8EA,,,,,,,,,,,,,,,,,,,,,,,,,,,,,,,,
,,,,,,,,,,,Nn2 8ul,,,,,,,,,,,,,,,,,,,,,,,,,,,,,,,,
,,,,,,,,,,,"Nn32ad ",,,,,,,,,,,,,,,,,,,,,,,,,,,,,,,,
,,,,,,,,,,,,,,,,,,,,,,,,,,,,,,,,,,,,,,,,,,,
,,,,,,,,,,,,,,,,,,,,,,,,,,,,,,,,,,,,,,,,,,,
,,,,,,,,,,,,,,,,,,,,,,,,,,,,,,,,,,,,,,,,,,,
,,,,,,,,,,,Nn14pa,,,,,,,,,,,,,,,,,,,,,,,,,,,,,,,,
,,,,,,,,,,,NN2 7DT,,,,,,,,,,,,,,,,,,,,,,,,,,,,,,,,
,,,,,,,,,,,,,,,,,,,,,,,,,,,,,,,,,,,,,,,,,,,
,,,,,,,,,,,,,,,,,,,,,,,,,,,,,,,,,,,,,,,,,,,
,,,,,,,,,,,"NN15 6HY ",,,,,,,,,,,,,,,,,,,,,,,,,,,,,,,,
,,,,,,,,,,,Nn17 2tw,,,,,,,,,,,,,,,,,,,,,,,,,,,,,,,,
,,,,,,,,,,,"Nn4 8nb ",,,,,,,,,,,,,,,,,,,,,,,,,,,,,,,,
,,,,,,,,,,,,,,,,,,,,,,,,,,,,,,,,,,,,,,,,,,,
,,,,,,,,,,,NN17 1ER,,,,,,,,,,,,,,,,,,,,,,,,,,,,,,,,
,,,,,,,,,,,,,,,,,,,,,,,,,,,,,,,,,,,,,,,,,,,
,,,,,,,,,,,,,,,,,,,,,,,,,,,,,,,,,,,,,,,,,,,
,,,,,,,,,,,,,,,,,,,,,,,,,,,,,,,,,,,,,,,,,,,
,,,,,,,,,,,,,,,,,,,,,,,,,,,,,,,,,,,,,,,,,,,
,,,,,,,,,,,"NN172BN ",,,,,,,,,,,,,,,,,,,,,,,,,,,,,,,,
,,,,,,,,,,,,,,,,,,,,,,,,,,,,,,,,,,,,,,,,,,,
,,,,,,,,,,,NN1 5JS,,,,,,,,,,,,,,,,,,,,,,,,,,,,,,,,
,,,,,,,,,,,,,,,,,,,,,,,,,,,,,,,,,,,,,,,,,,,
,,,,,,,,,,,,,,,,,,,,,,,,,,,,,,,,,,,,,,,,,,,
,,,,,,,,,,,,,,,,,,,,,,,,,,,,,,,,,,,,,,,,,,,
,,,,,,,,,,,,,,,,,,,,,,,,,,,,,,,,,,,,,,,,,,,
,,,,,,,,,,,,,,,,,,,,,,,,,,,,,,,,,,,,,,,,,,,
,,,,,,,,,,,,,,,,,,,,,,,,,,,,,,,,,,,,,,,,,,,
,,,,,,,,,,,,,,,,,,,,,,,,,,,,,,,,,,,,,,,,,,,
,,,,,,,,,,,NN3 5ES,,,,,,,,,,,,,,,,,,,,,,,,,,,,,,,,
,,,,,,,,,,,,,,,,,,,,,,,,,,,,,,,,,,,,,,,,,,,
,,,,,,,,,,,NN108HF,,,,,,,,,,,,,,,,,,,,,,,,,,,,,,,,
,,,,,,,,,,,,,,,,,,,,,,,,,,,,,,,,,,,,,,,,,,,
,,,,,,,,,,,NN108PE,,,,,,,,,,,,,,,,,,,,,,,,,,,,,,,,
,,,,,,,,,,,,,,,,,,,,,,,,,,,,,,,,,,,,,,,,,,,
,,,,,,,,,,,Nn84ha,,,,,,,,,,,,,,,,,,,,,,,,,,,,,,,,
,,,,,,,,,,,,,,,,,,,,,,,,,,,,,,,,,,,,,,,,,,,
,,,,,,,,,,,,,,,,,,,,,,,,,,,,,,,,,,,,,,,,,,,